deck_row_id,deck_id,oracle_semantic_identity,terminal_classification_identity,classification_status,terminal_requirement_ids
buckle_up:line-4,Buckle Up,0659a5b0-9807-4e4c-8af3-b6e233051ad6,4af030fdfc6cbc10d00a8e222bb6a5038fa9006a0ea5e4cc872388edec2a9961,REVIEWED_CONFIRMED,"[""cap.vehicle"",""cap.dynamic_crew_value"",""cap.combat_granted_keywords""]"
buckle_up:line-5,Buckle Up,e2962883-6daf-4a84-af73-917afc73092c,4f09df2f6994d14889da6d2a2932f0b680d259f4d1696a6146f5875b6ef04b18,REVIEWED_CONFIRMED,"[""cap.vehicle"",""cap.pilot_token"",""cap.draw_discard"",""cap.commander_noncreature""]"
buckle_up:line-6,Buckle Up,2274c7ae-5a40-4fd4-a4ac-6f56b23034e4,b213e13d3675fd34053a25d87ae8451e4606a7f5649bd90993992bf0ff5c1356,REVIEWED_CONFIRMED,"[""cap.loyalty"",""cap.planeswalker"",""cap.continuous_combat_modification""]"
buckle_up:line-7,Buckle Up,03dee43b-6377-4f7b-956b-a384160322e4,6d66882b9c67db534ba7ed9fc1fecf55279df75f140083a8b91bfb16881ed628,REVIEWED_CORRECTED,"[""cap.mass_untap""]"
buckle_up:line-8,Buckle Up,a613b00e-d6e8-4470-a7dc-5eab5e48dce0,b51e50540b3785b5159a9368a06cbb94a34028a43463aa30f4f018be86831e54,REVIEWED_CORRECTED,"[""cap.target"",""cap.trigger"",""cap.graveyard"",""cap.reanimation"",""cap.attack_trigger"",""cap.artifact_permanent""]"
buckle_up:line-9,Buckle Up,126a5d0b-e7d6-458e-87af-47d845678014,cb81816baf6fb75b058708762c147d3ca587b4067fd4ad31e273db07dcb57d80,REVIEWED_CONFIRMED,"[""cap.base_pt"",""cap.flying_grant"",""cap.mass_type_change"",""cap.continuous_layers""]"
buckle_up:line-10,Buckle Up,7fffbe7f-ad78-4bb6-a611-c37e495c6ee0,8a195ac9bc9a8ddf2466203f30ecc41d6d87b6488df9358a28aa4549383efe89,REVIEWED_CORRECTED,"[""cap.trigger"",""cap.counters"",""cap.improvise"",""cap.artifact_permanent""]"
buckle_up:line-11,Buckle Up,80ba76a6-cc48-4820-bc0b-c9ec18088a3b,2366363b295aa559cc553097c2b5970e6d83d246e0440a9520dc7276a3bc92a3,REVIEWED_CONFIRMED,"[""cap.target"",""cap.base_pt"",""cap.type_change"",""cap.artifact_animation""]"
buckle_up:line-12,Buckle Up,ba5055ce-6809-47a4-bee6-fb97a5b60f8a,fed613d0da496ac7f8b1a37d50152c3a13a9ccd986773c6dc0a9179dbfdbddcc,REVIEWED_CORRECTED,"[""cap.draw"",""cap.flash"",""cap.damage"",""cap.trigger"",""cap.artifact_permanent"",""cap.combat_damage_trigger""]"
buckle_up:line-13,Buckle Up,dcde1a62-33a5-4454-a389-9bf7a3521a4c,9ca7e65e830a468efe522eed29f7a18dd60b316996fc665f9c34842cdf2dd8ae,REVIEWED_CORRECTED,"[""cap.flying_grant""]"
buckle_up:line-14,Buckle Up,2e4865c5-a590-4820-81ec-926014ddb8c4,e1b274adc7285616f61dd69fdd08dafcf0e381f5d94f37adba0f85d56fecb7d4,REVIEWED_CONFIRMED,"[""cap.mass_sacrifice"",""cap.simultaneous_choice"",""cap.multi_category_selection""]"
buckle_up:line-15,Buckle Up,0f9269eb-6a6c-4b32-8b3d-73724c12ca6b,1b729ea07bc789aa12af7936d8a6ff5e882f0bf85134fae62189b2288af0f742,REVIEWED_CORRECTED,"[""cap.target""]"
buckle_up:line-16,Buckle Up,7fc3798a-3907-4f50-98a1-25b8e1977197,ead9970293ebba9f19c1613a9af3c04bd32613ce9fe3e0bd67c6d63bd9be1a7b,REVIEWED_CORRECTED,"[""cap.trigger"",""cap.token_creation"",""cap.mass_token_creation""]"
buckle_up:line-17,Buckle Up,7e00b0cd-d212-4604-ba07-da21f4fe00b0,89df6a8e55bc5784170f85dce366627c0a10cc6f5a45cb819cb43b293f51d724,REVIEWED_CORRECTED,"[""cap.draw"",""cap.trigger"",""cap.equipment""]"
buckle_up:line-18,Buckle Up,d4193f50-33b5-4201-ba03-eb135eced7ff,b0b70fcbff9fca22b13a5a0f14490775e70de0be437c344d17edac5d236d8c38,REVIEWED_CORRECTED,"[""cap.target"",""cap.trigger"",""cap.graveyard"",""cap.reanimation""]"
buckle_up:line-19,Buckle Up,da3e7d3d-2ca0-40c3-9602-fca37c92f507,549a76cc1b619fd57bfcdc3ea17578c7561244a88ca850df866bcfbcaf5ded5f,REVIEWED_CORRECTED,"[""cap.mill"",""cap.target"",""cap.trigger"",""cap.graveyard""]"
buckle_up:line-20,Buckle Up,96b87445-6362-4a17-91b2-cbf203fd03fd,b36f7a0780897fdf2c20c0945beda1be55f87e67662b398c1f191073548219f7,REVIEWED_CORRECTED,"[""cap.artifact_permanent""]"
buckle_up:line-21,Buckle Up,181e6b3e-c33e-49e7-acb8-67473289a856,51b01d30c6f33d4f0c2092026b4a48d95c7603399dba45b1f54d810c36764de5,REVIEWED_CORRECTED,"[""cap.continuous_pt"",""cap.artifact_permanent""]"
buckle_up:line-22,Buckle Up,e3b9c9e3-5a35-4dd2-ab17-d1b6a140b185,92741f031f1cce69615c75322a480ddd98ee88ff3c8e1d689120f685577243bb,REVIEWED_CORRECTED,"[""cap.trigger"",""cap.draw_discard""]"
buckle_up:line-23,Buckle Up,52241b9c-7a69-4176-9234-8bdab09d8e64,24cd38159b71b10a50cc769e46034abbdd4b27161f08728c68a20035d19ca18b,REVIEWED_CORRECTED,"[""cap.draw"",""cap.trigger"",""cap.token_creation"",""cap.mass_token_creation""]"
buckle_up:line-24,Buckle Up,b36accb4-cde6-4b1d-b549-8c975cfa999d,745e68b3387fb086c60e85c0c2a1f834d2d1d90753dd3fcd8042f0ca44f5d23c,REVIEWED_CORRECTED,"[""cap.mana_ability"",""cap.mana_production""]"
buckle_up:line-25,Buckle Up,7060f2c8-fca0-4b7a-bddf-37682f434596,558326059997168b36bddd66d49bea7ca85e9a89d611f5bd71444ca529922a71,REVIEWED_CORRECTED,"[""cap.target"",""cap.trigger"",""cap.token_creation"",""cap.mass_token_creation""]"
buckle_up:line-26,Buckle Up,4bd38337-fb79-4809-848a-308c682825d1,58c75d9432febeb2c73f0e0f35c83b58683465433332e2416a48a1818be572ba,REVIEWED_CORRECTED,"[""cap.reveal"",""cap.trigger"",""cap.bottom_order"",""cap.artifact_permanent""]"
buckle_up:line-27,Buckle Up,3b008c71-e2a0-4f56-83d3-655c5dd58e0e,63dddc46e2ced2adea20498fbe05a9c8b16793a89a438b0b19e3c7e016e1b125,REVIEWED_CORRECTED,"[""cap.target"",""cap.graveyard"",""cap.graveyard_return""]"
buckle_up:line-28,Buckle Up,13044ca1-76a3-43b2-a8e4-3bbc692c30c5,bb6b401888fad91d14b13631fe9320c091a747bffdbb064b1e199b92bf18cfe1,REVIEWED_CORRECTED,"[""cap.flash""]"
buckle_up:line-29,Buckle Up,18f22960-87ec-43cd-82ea-ec5cabf49ad3,b18743afa2e992dad76be933bfba5b9843c5ce3b594c011ee0c7135d1866c8a1,REVIEWED_CORRECTED,"[""cap.artifact_permanent""]"
buckle_up:line-30,Buckle Up,bd6af7b3-b30f-4a65-a18f-8655f778e76a,89cd66e97b456f76394d7b674645c22ed4c277c833777c4285f26b6d0dc5dff7,REVIEWED_CONFIRMED,"[""cap.activation_cost"",""cap.mana_production"",""cap.artifact_permanent""]"
buckle_up:line-31,Buckle Up,e110ee80-37af-4989-a5fb-95d51dc7f102,e3a23ea308abfdcf2db2b8073b60328dc3a23f831466804cb40ddf5d4191022a,REVIEWED_CORRECTED,"[""cap.flash"",""cap.artifact_permanent""]"
buckle_up:line-32,Buckle Up,66e8f7f8-3a6d-46ba-837c-b9713ddf7f40,2e97df3181599784a1f6d29b1ac2fed1f63161601423b5aaca5eb94b1b089ec3,REVIEWED_CONFIRMED,"[""cap.activation_cost"",""cap.mana_production"",""cap.artifact_permanent""]"
buckle_up:line-33,Buckle Up,00c0543c-2a1f-4425-8283-4062d74a1637,576eaa7b573a4000fcc118340f74cfb4cc1f5b7f03584a83d6a8898772147e4a,REVIEWED_CORRECTED,"[""cap.draw"",""cap.shuffle"",""cap.trigger"",""cap.death_trigger"",""cap.search_library"",""cap.artifact_permanent""]"
buckle_up:line-34,Buckle Up,d9e24d7c-0907-45c1-b5d3-9fb16a929868,eba64f74279218d77b080f2b14712b16732ae2d8a200671bb3cca3ebf9b2baac,REVIEWED_CONFIRMED,"[""cap.improvise"",""cap.mass_destruction"",""cap.artifact_exception""]"
buckle_up:line-35,Buckle Up,c5a5c17d-d1e4-4d23-9d2b-1c2febdcb0e7,287bee60511ddcce1e696831b0c07c86bb7636e301d87a698d29a2bd54bb6a25,REVIEWED_CONFIRMED,"[""cap.draw"",""cap.improvise"",""cap.choice_number_x""]"
buckle_up:line-36,Buckle Up,cce9bbff-82dc-4b2f-addd-d6715588de20,649cb288459339e0b422b5dbed9b1ac98de1a24c2f6e713f5001290af19853e6,REVIEWED_CORRECTED,"[""cap.draw""]"
buckle_up:line-37,Buckle Up,fdfac093-a5c0-47b4-9052-e0af517d83cf,acdedcbdf1a5e9edb73c72982b7e8d56593622fdf13e74c1927e3f5e056fe662,REVIEWED_CONFIRMED,"[""cap.base_pt"",""cap.reanimation"",""cap.type_change"",""cap.choice_number_x"",""cap.multi_target_graveyard""]"
buckle_up:line-38,Buckle Up,3ae456e4-cb35-47be-b654-051e288622fe,016711babe3781e9b2ba281743c9c735bac479346bf4bc70b3cc2111e8ccad5a,REVIEWED_CORRECTED,"[""cap.exile"",""cap.target"",""cap.graveyard"",""cap.token_creation"",""cap.mass_token_creation""]"
buckle_up:line-39,Buckle Up,353dd446-2ea6-41c9-a10f-5a03e4de19b4,f9fc794118e93559d9207e58433c49de7f59704a288329abc3d10e5c005239b7,REVIEWED_CORRECTED,"[""cap.target"",""cap.counterspell"",""cap.token_creation"",""cap.choice_number_x"",""cap.mass_token_creation"",""cap.scaled_token_creation""]"
buckle_up:line-40,Buckle Up,3d5b6151-d985-423b-8ade-f00958bbd3f6,ea0371122f8ee0545d824b2662aa4d9e4e47bb4df34eb285e6038f8aec751afa,REVIEWED_CORRECTED,"[""cap.vehicle"",""cap.attachment"",""cap.temporary_animation""]"
buckle_up:line-41,Buckle Up,ecbc234d-e1d3-4bcc-81d4-fffc2c7ea16a,e2fb777230d658e25c42c2da9ec8fa1d0024e9a0d003bc8542dcb6ee315d0e66,REVIEWED_CORRECTED,"[""cap.exile"",""cap.target"",""cap.mode_choice""]"
buckle_up:line-42,Buckle Up,133c99c0-3652-410f-8100-68015a47af9f,7c2a77f271f2777826bddafd889d2b4c4af02a6437d6dcc4a0d92f8318cd4d14,REVIEWED_CORRECTED,"[""cap.exile"",""cap.target""]"
buckle_up:line-43,Buckle Up,fae37e28-e137-4177-b973-fa8b4dd8f409,2df73317b09475c4d9e692a59419dd4f541af31746c9060c7ba3d70989ba9fe9,REVIEWED_CORRECTED,"[""cap.target"",""cap.destroy""]"
buckle_up:line-44,Buckle Up,b1544f21-7e98-461b-aed5-e748b0168c52,0b13fc30085d435367c4f45106509fb9a4ae2c148c1830de56bf27fa40b88edf,REVIEWED_CORRECTED,"[""cap.life"",""cap.exile"",""cap.target""]"
buckle_up:line-45,Buckle Up,70dc830e-d05b-4fc7-88dd-879e140b3fbf,302d7538b3e2facfb6a6892670b5b4c6afe09f783bb84257e2d66b4e87bee078,REVIEWED_CORRECTED,"[""cap.exile"",""cap.target""]"
buckle_up:line-46,Buckle Up,92c9b2fd-95d6-4937-aee2-67b4bb8ca29d,415bd1ddeb85d0f54e1972a6ff3534eee9911a9356e0d8acf80c1aa9a4ad5249,REVIEWED_CORRECTED,"[""cap.crew"",""cap.shuffle"",""cap.trigger"",""cap.vehicle"",""cap.attack_trigger"",""cap.search_library"",""cap.artifact_permanent""]"
buckle_up:line-47,Buckle Up,f434e266-d9d6-4058-96ff-a1bd4029d8dc,95b7417160edd25c2acdc3110c932e185538635f30853a87f15dece47ef6a8ee,REVIEWED_CONFIRMED,"[""cap.copy"",""cap.vehicle"",""cap.copy_exception"",""cap.copiable_values""]"
buckle_up:line-48,Buckle Up,18ad0dd1-2d0e-46b4-8ab1-ece07180267f,808153291654c51a4655b3ea74cc3656b0f2bb368f58637841705d1670dfc640,REVIEWED_CORRECTED,"[""cap.crew"",""cap.target"",""cap.trigger"",""cap.vehicle"",""cap.graveyard"",""cap.type_change"",""cap.attack_trigger"",""cap.choice_number_x"",""cap.graveyard_return"",""cap.artifact_permanent"",""cap.temporary_animation""]"
buckle_up:line-49,Buckle Up,3c1a2a2d-656f-4021-b046-59e14383a8c8,54c09cf24ff8aeb7417885e0d2923b1e748a6edf4114eb4b0258cd651c81d1a4,REVIEWED_CONFIRMED,"[""cap.vehicle"",""cap.attack_trigger"",""cap.temporary_animation""]"
buckle_up:line-50,Buckle Up,405a54b3-fb9f-4503-a4fc-3ba6a5e58205,16c5df274bbd42132de7bdd727743b55be6cbfb46cad2d9f837cebfd78c1b7b4,REVIEWED_CORRECTED,"[""cap.crew"",""cap.trigger"",""cap.vehicle"",""cap.pilot_token"",""cap.type_change"",""cap.attack_trigger"",""cap.token_creation"",""cap.choice_number_x"",""cap.artifact_permanent"",""cap.mass_token_creation"",""cap.temporary_animation""]"
buckle_up:line-51,Buckle Up,bf9421d2-54e2-44d8-8b39-2e41192a6517,f14530fdb4ea3e3bba0ef4519136279799eade3e43fb6b72eda7b4ca5d1b143e,REVIEWED_CORRECTED,"[""cap.crew"",""cap.damage"",""cap.target"",""cap.trigger"",""cap.vehicle"",""cap.choice_number_x"",""cap.artifact_permanent""]"
buckle_up:line-52,Buckle Up,24d22bcb-8a77-4c47-a508-6f4bc093c1d0,6fb3c033b08c73f486391a9c8d845d615f102a5eaf953c71285cde85715a2884,REVIEWED_CONFIRMED,"[""cap.crew"",""cap.vehicle"",""cap.attack_trigger"",""cap.attacking_token_creation""]"
buckle_up:line-53,Buckle Up,0bc7f093-bef0-4f1a-852c-4b75ebf54838,09209dc1329df1b377fe35d8499b93f7427a55327be4cbe9091916cb676b97e7,REVIEWED_CONFIRMED,"[""cap.activation_cost"",""cap.mana_production"",""cap.artifact_permanent""]"
buckle_up:line-54,Buckle Up,e018773f-95b3-49a3-9674-6f04ddef2092,05aba38ddaab578abd5bb04bb97e95146b73d2f1e60802b96808425858ade4af,REVIEWED_CONFIRMED,"[""cap.activation_cost"",""cap.mana_production"",""cap.artifact_permanent""]"
buckle_up:line-55,Buckle Up,4cdf524a-1a99-4143-823b-d3c5c867c580,c3b6177b9f1700896b54d91aaae0690ca2135d49d102bec6c4754a36a7276518,REVIEWED_CORRECTED,"[""cap.crew"",""cap.life"",""cap.trigger"",""cap.vehicle"",""cap.type_change"",""cap.attack_trigger"",""cap.choice_number_x"",""cap.mana_production"",""cap.artifact_permanent"",""cap.temporary_animation""]"
buckle_up:line-56,Buckle Up,c1eb530c-dd36-40ae-8617-6bb6969565e1,926607d9a9b6838e7c0e5bacf621652c18ee51781e2404e439b8c29d943a7372,REVIEWED_CORRECTED,"[""cap.crew"",""cap.vehicle"",""cap.type_change"",""cap.mana_ability"",""cap.choice_number_x"",""cap.mana_production"",""cap.artifact_permanent"",""cap.temporary_animation""]"
buckle_up:line-57,Buckle Up,95560508-7ac9-4be9-8a3f-3c7d5b52807b,610444a5bc7dc46a6f2c9e2cccf3ae26f4e1ba7ba756cfa6b3838a55b18aa657,REVIEWED_CONFIRMED,"[""cap.activation_cost"",""cap.mana_production"",""cap.artifact_permanent""]"
buckle_up:line-58,Buckle Up,6a84eda1-7e72-4b5a-849f-b6e177565aeb,34f11ace8c1b6bc970c0af3ae7235c271d63e7c0950d833bc4f407211b43d9a5,REVIEWED_CONFIRMED,"[""cap.copy"",""cap.type_layer"",""cap.temporary_copy"",""cap.copiable_values""]"
buckle_up:line-59,Buckle Up,f89f7c7d-6eb3-4335-b9df-0ccaa9c50558,94e7bb7a6098d8c778a447cb59c9f74af2251e6177d3dec91234568bc75147a0,REVIEWED_CONFIRMED,"[""cap.vehicle"",""cap.activated_ability"",""cap.temporary_animation""]"
buckle_up:line-60,Buckle Up,1e9b3c9e-07ae-4de5-8607-93773825f655,0f51e8990f4d91ffad0c626df48d848fc9f4b348fcaba31b4994813d5a34e424,REVIEWED_CORRECTED,"[""cap.crew"",""cap.trigger"",""cap.vehicle"",""cap.type_change"",""cap.attack_trigger"",""cap.choice_number_x"",""cap.artifact_permanent"",""cap.temporary_animation""]"
buckle_up:line-61,Buckle Up,50b14338-9318-4327-a1dd-c0ef38903cc4,3fc8104f6ffffda902b2857ae2720ae6f8b55b31eb3a4b2590d4e20592efb276,REVIEWED_CORRECTED,"[""cap.crew"",""cap.damage"",""cap.target"",""cap.trigger"",""cap.vehicle"",""cap.type_change"",""cap.attack_trigger"",""cap.choice_number_x"",""cap.artifact_permanent"",""cap.temporary_animation""]"
buckle_up:line-62,Buckle Up,49136bdc-bc50-49a2-999a-1ef9c16ea130,03fdfbdb987783f31c4309b5041bfe3f01b5d124686fc4299413d396730286b8,REVIEWED_CORRECTED,"[""cap.crew"",""cap.trigger"",""cap.vehicle"",""cap.type_change"",""cap.draw_discard"",""cap.attack_trigger"",""cap.choice_number_x"",""cap.artifact_permanent"",""cap.temporary_animation""]"
buckle_up:line-63,Buckle Up,6ad8011d-3471-4369-9d68-b264cc027487,0edfee8a26567805c343d1bda8704c50b666f997b3413b1acb30bd250fda4949,REVIEWED_CONFIRMED,"[""cap.activation_cost"",""cap.mana_production"",""cap.artifact_permanent""]"
buckle_up:line-64,Buckle Up,73b3682f-396a-4ebe-aaac-6ce3ee36283a,117a4dbce9b2691903178c15c4cfc6b6339afd21042fa79233cf225cc72600d6,REVIEWED_CORRECTED,"[""cap.crew"",""cap.damage"",""cap.reveal"",""cap.trigger"",""cap.vehicle"",""cap.bottom_order"",""cap.artifact_permanent"",""cap.combat_damage_trigger""]"
buckle_up:line-65,Buckle Up,5d47e820-913f-441a-a6cc-37ab3181d79a,4fe921ca623b0dff5f5a5b2e94a7919cf52286b89af57cbbb3d3deb77e466277,REVIEWED_CONFIRMED,"[""cap.aura"",""cap.crew"",""cap.flash"",""cap.vehicle"",""cap.type_change"",""cap.loses_card_types""]"
buckle_up:line-66,Buckle Up,49be65fd-3755-410d-b0dc-2e5861ea2552,7482ade8daafce0d307e383e71b20e1c8160c9f4bd9ee989006b6dfc26198ba7,REVIEWED_CORRECTED,"[""cap.draw"",""cap.damage"",""cap.trigger"",""cap.token_creation"",""cap.upkeep_trigger"",""cap.mass_token_creation"",""cap.combat_damage_trigger""]"
buckle_up:line-67,Buckle Up,0895c9b7-ae7d-4bb3-af17-3b75deb50a25,feeadba75b0cae107bc0fcde9bb70aa3beb14b669a7d2db7da8a769bb0df9364,REVIEWED_CORRECTED,"[""cap.mana_ability"",""cap.mana_production""]"
buckle_up:line-68,Buckle Up,27b047e3-0d41-45e2-98e9-9391d7923a1e,86d0530f8dcff74596a40e9bce7cab12452176c5cd638e18ee5641b66727321e,REVIEWED_CORRECTED,"[""cap.mana_ability"",""cap.mana_production""]"
buckle_up:line-69,Buckle Up,458d2b12-f578-4392-98d3-c3bc83f316c4,5d5d615573bd1c82475cc08edee8df09227242c678fcfd4e178b3ecf670f223a,REVIEWED_CORRECTED,"[""cap.reveal"",""cap.mana_ability"",""cap.mana_production""]"
buckle_up:line-70,Buckle Up,5330e24a-8568-446e-840a-594cd08bd1bc,092fb5a822e499eb695d41a50fcd945004b3c4b43d4cf00db53a6468c30a1b16,REVIEWED_CORRECTED,"[""cap.mana_ability"",""cap.mana_production""]"
buckle_up:line-71,Buckle Up,76f335d0-7f71-4b1a-b60d-73de954cbe2c,417bc1be33e0f75235c065e55ce65f1f3f5576ea840ff579dd3b09303892cd72,REVIEWED_CORRECTED,"[""cap.mana_ability"",""cap.mana_production""]"
buckle_up:line-72,Buckle Up,55a519b4-61cb-448a-875b-4d6dbe00580f,7d159d0e56f5c51a118bc2af6285e2235769b141abdfed4e09d6ffd8ce84a95e,REVIEWED_CORRECTED,"[""cap.mana_ability"",""cap.mana_production""]"
buckle_up:line-73,Buckle Up,89f43e27-790b-4ca1-8ba7-0882b31e0783,35187ab390544fdb3bc1cc08751a262ffd4471f7f97027cf3a3492ea7519cea1,REVIEWED_CORRECTED,"[""cap.scry"",""cap.trigger"",""cap.bottom_order"",""cap.mana_ability"",""cap.mana_production""]"
buckle_up:line-74,Buckle Up,bc71ebf6-2056-41f7-be35-b2e5c34afa99,37a634da6d2df7ebdad326af9e2e24f116d85328d5137cfe67585223b2ebe0b2,REVIEWED_CONFIRMED,"[""cap.land_zone"",""cap.mana_source"",""cap.ordered_library_card""]"
buckle_up:line-75,Buckle Up,b2c6aa39-2d2a-459c-a555-fb48ba993373,7d582ec989bb9b3212c9b077efe094a397d59495e33a0bdc8f4c760fd8a5486c,REVIEWED_CONFIRMED,"[""cap.land_zone"",""cap.mana_source"",""cap.ordered_library_card""]"
elven_empire:line-4,Elven Empire,9b568c34-ba0a-44a7-a0ee-bee3a37b3396,094f2e6ea7cf59308a401f7b2bc90a5adfbb0dc5c435306f4ad5ba6a959d06be,REVIEWED_CONFIRMED,"[""cap.life_drain"",""cap.tap_ten_cost"",""cap.combat_damage_trigger"",""cap.scaled_token_creation""]"
elven_empire:line-5,Elven Empire,5146ba3f-2c5f-4a86-95d7-a34ce1e842b0,67d5a4a4d73c7494b2286051a57ace67df7b839d390e5f383eabdcec35c23c17,REVIEWED_CORRECTED,"[""cap.tribal"",""cap.graveyard"",""cap.choice_number_x""]"
elven_empire:line-6,Elven Empire,5da7eea8-bb9e-47ce-a554-8a1ee058bd7a,8e217c0d481202b49c1dcbca48557f75c795456982c4561eb4cc98b5874638dd,REVIEWED_CORRECTED,"[""cap.draw"",""cap.trigger""]"
elven_empire:line-7,Elven Empire,8b20d6f4-6322-4435-92d5-acaae74774f4,eaa7b8c33953e9703cb8adf5ecce4ee8b9dd8c01e0e3e4a294d4329c537978b8,REVIEWED_CORRECTED,"[""cap.tribal"",""cap.mana_ability"",""cap.mana_production""]"
elven_empire:line-8,Elven Empire,ca4c0945-7035-47dc-aba8-fbda351d9b7b,4a2c0be1da50ded361e4658756b210704e02c1cfbf97c0ac68665ce7c830c0d1,REVIEWED_CORRECTED,"[""cap.trigger"",""cap.counters"",""cap.attack_trigger"",""cap.token_creation"",""cap.choice_number_x"",""cap.mass_token_creation""]"
elven_empire:line-9,Elven Empire,30d0d75f-e94c-460b-b957-9f1d655c0f65,a28db837f35322a548731c491eb78dd63334faf853689bb5f533b1d1d77a3ca1,REVIEWED_CORRECTED,"[""cap.life"",""cap.tribal"",""cap.trigger"",""cap.continuous_pt"",""cap.attack_trigger""]"
elven_empire:line-10,Elven Empire,29c1f80e-f7e2-425e-a225-e88351fcbaab,3f7951991c51ea1940a470b1fd098d510778abe5316545e340d99bfd5c42d001,REVIEWED_CORRECTED,"[""cap.target"",""cap.tribal"",""cap.trigger"",""cap.graveyard"",""cap.death_trigger"",""cap.graveyard_return""]"
elven_empire:line-11,Elven Empire,6e2c2423-d854-4478-99e6-64f29851f026,c4972af42946cb6e2683aa364d5d601b2de3ec10521e8073a2ce08235d762042,REVIEWED_CORRECTED,"[""cap.tribal"",""cap.mana_ability"",""cap.continuous_pt"",""cap.mana_production""]"
elven_empire:line-12,Elven Empire,3f3b2c10-21f8-4e13-be83-4ef3fa36e123,56e6479eae52df1ddcfb5c53f59c995b6c05184cfee983b6f304fd7a06154495,REVIEWED_CORRECTED,"[""cap.mana_ability"",""cap.mana_production""]"
elven_empire:line-13,Elven Empire,71d14755-b81d-4aec-b94d-1637884a5844,13630c8606d495111a0baea4661c8ffe2bf9ab6c191d8fa29d117d670d75a8b7,REVIEWED_CORRECTED,"[""cap.trigger"",""cap.bottom_order""]"
elven_empire:line-14,Elven Empire,69b52907-8aff-4f2a-a391-7d1ab2669b5c,a06b1efe1ebf08e7acd7cd3de11f172e4264cda2c2d020f7859a1b93784d4801,REVIEWED_CORRECTED,"[""cap.trigger"",""cap.continuous_pt""]"
elven_empire:line-15,Elven Empire,b7d69422-b90b-4149-8c6d-eef636d5c6f5,636086d9771771f5e5df5a3796f463b9e7f0eb377733c73d5763dd4fb9fe70e6,REVIEWED_CORRECTED,"[""cap.mill"",""cap.tribal"",""cap.trigger"",""cap.graveyard"",""cap.death_trigger"",""cap.token_creation"",""cap.mass_token_creation""]"
elven_empire:line-16,Elven Empire,4ce2357f-93e6-40ca-beca-8f4e15adc464,75a05088bade295ebd89e5b1ab343f74f7b14a0d5a673895d75b985a8c4cd91b,REVIEWED_CORRECTED,"[""cap.shuffle"",""cap.trigger"",""cap.search_library""]"
elven_empire:line-17,Elven Empire,e5456b35-d7a9-4717-90df-c6c46f1ec437,39b0a609e84afae8acc07a00be810e213cd2babc3146ab16db5c6d719f03c722,REVIEWED_CORRECTED,"[""cap.target"",""cap.trigger"",""cap.graveyard"",""cap.graveyard_return""]"
elven_empire:line-18,Elven Empire,0089b07c-7f47-4a9a-9fb7-cc38ec9d7bcd,2595d20b0e4d0cfc0c1b8f9d81008a2d2b0b7e88261434cebb53fdcc1d5c51fd,REVIEWED_CORRECTED,"[""cap.reveal"",""cap.tribal"",""cap.trigger"",""cap.bottom_order""]"
elven_empire:line-19,Elven Empire,3fa71348-fa4d-4f39-a451-cf1570591991,332743421ac2dd9e5978d05b3d679e5110a5a6200634e9ca0a6c3a19f48e2381,REVIEWED_CORRECTED,"[""cap.tribal"",""cap.token_creation"",""cap.mass_token_creation""]"
elven_empire:line-20,Elven Empire,f7139c70-dfcc-41ae-9d0d-b6e8c07a063d,a3757c8f2214a0464713a4cf69c65357b44890383aba234efd5d0ecbad89ddea,REVIEWED_CORRECTED,"[""cap.damage"",""cap.target"",""cap.tribal""]"
elven_empire:line-21,Elven Empire,e2f98813-4f39-4135-b05b-407e9eb797f6,11f21b981956c107b243f66c5e8875ba852370a642c5ab8ec567453d6dd3a60b,REVIEWED_CORRECTED,"[""cap.mana_production""]"
elven_empire:line-22,Elven Empire,cfd0f0e6-1bbf-4450-97d2-c54907abb7e4,d73eb9b94fbde16e13592b3d75acfb0b0f645b6ae5298711fd76694aadd99d22,REVIEWED_CORRECTED,"[""cap.mana_ability"",""cap.mana_production""]"
elven_empire:line-23,Elven Empire,3f3439e1-75ce-482d-881f-836492dca6e9,e6214c77c29627d065ff643d1bcdc3ceac48fd8dd69587f18084b009d3688979,REVIEWED_CORRECTED,"[""cap.tribal"",""cap.trigger"",""cap.token_creation"",""cap.mass_token_creation""]"
elven_empire:line-24,Elven Empire,b7ebd207-43e3-49eb-86ca-b5987ef9e22f,60fcc97921f477caefd20f91b2fe4ebc7997582024eef70dfe26859ccb22ac55,REVIEWED_CORRECTED,"[""cap.target"",""cap.tribal"",""cap.discard_cost""]"
elven_empire:line-25,Elven Empire,ee35de1c-aef1-4bd4-85fd-fe77bc927790,2f43294b44a7b97dcd31faa5f5095a5b4ebc8927424b19c805fa3384f33e587c,REVIEWED_CORRECTED,"[""cap.tribal"",""cap.trigger"",""cap.counters"",""cap.mana_ability""]"
elven_empire:line-26,Elven Empire,ea97fc76-3a32-414c-aa12-87be1a0eb9f3,309d5e17a2bacd2a1b1cb5a3391e3c67f1756ac3e58a47a25a717bfe52da81b5,REVIEWED_CORRECTED,"[""cap.draw"",""cap.trigger"",""cap.graveyard"",""cap.graveyard_return""]"
elven_empire:line-27,Elven Empire,6895d7a2-264b-4731-9294-c02e1e220384,298cce18f1d8e9debd11c7f8a1dbb1eaf4283c9b8757825672c1dc4ebe58b81e,REVIEWED_CORRECTED,"[""cap.draw"",""cap.tribal"",""cap.trigger"",""cap.death_trigger""]"
elven_empire:line-28,Elven Empire,4dcfd397-9d29-420c-8fd8-c7c2a99de122,35f9d50ae5a996e401b35daaa61b353883406395e454955660205efec77bb6b1,REVIEWED_CORRECTED,"[""cap.target"",""cap.destroy""]"
elven_empire:line-29,Elven Empire,7f4aa98d-3572-4637-9b0d-3c12f63a96ec,3519b9937ebe63b0d4498c08aef274dc3ab2561d1003ed4e810c2e19adf6a04d,REVIEWED_CORRECTED,"[""cap.target"",""cap.tribal"",""cap.trigger"",""cap.choice_number_x""]"
elven_empire:line-30,Elven Empire,d0e810bb-5f38-4045-a718-30d423c05659,866e1c678810052a268cb00ce2e500195f3624d362af77ae0ebe2c1c0e5c2ba5,REVIEWED_CORRECTED,"[""cap.life"",""cap.destroy"",""cap.trigger"",""cap.deathtouch"",""cap.death_trigger""]"
elven_empire:line-31,Elven Empire,032ec6e2-6cc3-4a97-9cc7-3233f5e11904,83f1856fb88a5f0fdda33c0c272956aa7ee171f5aa0507a8441939de3ba832cd,REVIEWED_CORRECTED,"[""cap.target"",""cap.destroy"",""cap.trigger""]"
elven_empire:line-32,Elven Empire,7613c50b-4568-4340-b64a-ab427aaffd51,ef919fbea44e0beac6844340ac2819fdc84ec85c666d3e778eb7eb6a090a09c6,REVIEWED_CORRECTED,"[""cap.life"",""cap.tribal"",""cap.trigger"",""cap.attack_trigger""]"
elven_empire:line-33,Elven Empire,61f68cf6-e083-4264-89b4-cc17749b2a8b,b1be2db671c6e1816293483d45a5db2df0e5eb0aa7da939b4839c402866a3476,REVIEWED_CONFIRMED,"[""cap.each_player"",""cap.upkeep_trigger"",""cap.type_filtered_sacrifice""]"
elven_empire:line-34,Elven Empire,39c7d2cc-4fd1-4f1a-be1a-a6ae56d2356d,0640ab4bc64ee69aedc719556968ee82d34334c4d2182102d869e774d6ed7f77,REVIEWED_CORRECTED,"[""cap.life"",""cap.target"",""cap.tribal"",""cap.trigger""]"
elven_empire:line-35,Elven Empire,496ecb73-f508-4ac7-b101-23e03404580f,f74288b6d12b09b8902398eb30e4e3820d200076519502375a495b1faff1b5a3,REVIEWED_CORRECTED,"[""cap.life"",""cap.tribal"",""cap.trigger"",""cap.life_drain"",""cap.mode_choice"",""cap.choice_number_x""]"
elven_empire:line-36,Elven Empire,788a4896-3414-40bf-b391-d2efea2fb5f9,8d5796c13aec958a19a72c4d1c76ff0c5202f4da2c622b23b000dceae03d95d0,REVIEWED_CORRECTED,"[""cap.shuffle"",""cap.trigger"",""cap.search_library""]"
elven_empire:line-37,Elven Empire,ba310102-8272-4d64-a00b-9e7346cb5f46,9dc18b340cc05c7af4ce5f61a9f85fcee350bff3df3085c153cafc844c0250a2,REVIEWED_CORRECTED,"[""cap.damage"",""cap.reveal"",""cap.tribal"",""cap.trigger"",""cap.bottom_order"",""cap.combat_damage_trigger""]"
elven_empire:line-38,Elven Empire,50cee3ac-cba0-4abb-babf-de1928b1590e,3b193ae9142e4171028ba8acf83fb405e7fe4e2e9fd4a394d86458bcc15c1bb9,REVIEWED_CORRECTED,"[""cap.target"",""cap.tribal""]"
elven_empire:line-39,Elven Empire,66093486-c9c3-42c5-97d1-ec0fe54f65b0,c7441e926a2bb2812e85406cd60597d3faf8be711fcce5c6838b6d3b3ee195b0,REVIEWED_CORRECTED,"[""cap.draw"",""cap.trigger"",""cap.end_step_trigger""]"
elven_empire:line-40,Elven Empire,9b40faad-1b96-4461-89d8-9a207b58e832,ead1b36c4c8d140e303a0047b9f97df604f158563752304168d27e24215b7800,REVIEWED_CORRECTED,"[""cap.draw"",""cap.trigger""]"
elven_empire:line-41,Elven Empire,12da8ba3-ca60-44c8-8627-1b4af2a2c4a3,c4192d4ebc887469d0dd1d1cb0771d7a614f64f157219efb995c1c3220b6c0ca,REVIEWED_CORRECTED,"[""cap.damage"",""cap.tribal"",""cap.token_creation"",""cap.mass_token_creation"",""cap.combat_damage_trigger""]"
elven_empire:line-42,Elven Empire,8badfd34-9b63-4ada-8012-b8cddaf5b492,71cf5e29ce31320978a14765729d38ccc4f16e7dd8015175d683cdb3181531c5,REVIEWED_CORRECTED,"[""cap.tribal"",""cap.mana_ability"",""cap.choice_number_x""]"
elven_empire:line-43,Elven Empire,09070db6-01f6-4a8a-b167-a7825e6959f4,1c940fd0a92336ea7de79fa76bfbefdcabc73fb0ae2a73314cab67bdd36f43f5,REVIEWED_CORRECTED,"[""cap.life"",""cap.tribal"",""cap.trigger"",""cap.token_creation"",""cap.upkeep_trigger"",""cap.mass_token_creation""]"
elven_empire:line-44,Elven Empire,8973bd99-20f8-4867-90ef-50392147ee1b,9068d8db737bb020978262f9c14eeaf183d53f18b5c0dc0708c068cf003d59b3,REVIEWED_CORRECTED,"[""cap.shuffle"",""cap.trigger"",""cap.search_library""]"
elven_empire:line-45,Elven Empire,a2373025-20c1-4416-91f7-e51f68dbd146,7d76451590ae1c6227d29bfd57efc0128e543104d4c4afdecb28d3d5795723a4,REVIEWED_CORRECTED,"[""cap.tribal"",""cap.token_creation"",""cap.mass_token_creation""]"
elven_empire:line-46,Elven Empire,58020778-554c-4af6-8484-0b90f64bc5d9,2c7b657abd7a5ed668d233fee493a7b557e90b34d3fe26c7ab23215d64a342f0,REVIEWED_CONFIRMED,"[""cap.scry"",""cap.foretell"",""cap.target_destroy"",""cap.private_face_down_exile""]"
elven_empire:line-47,Elven Empire,9b271430-f53d-42d6-a547-2f286dd9bcb6,798ff7e1a7fd1751b110ff0e4000fba0f3460498918d76cfef5d91599f69e68c,REVIEWED_CORRECTED,"[""cap.target"",""cap.destroy""]"
elven_empire:line-48,Elven Empire,692260bb-e01c-4550-832a-9611856a6ff0,fb19be7439bc5d1b2cb43b71544b801c6df45884ed6ac331b87c545a6daa4b8e,REVIEWED_CONFIRMED,"[""cap.foretell"",""cap.mass_sacrifice"",""cap.private_face_down_exile""]"
elven_empire:line-49,Elven Empire,84de4fec-2f38-4293-93d3-b3882c5aac14,ce7e410eb422a8f63951d002c8a0f0ae191baf4b3b86c2fd64a070e99ce2d96d,REVIEWED_CORRECTED,"[""cap.draw"",""cap.life""]"
elven_empire:line-50,Elven Empire,e4bfe005-7c4e-4178-ae41-a28eb2352ad1,26149cfc2cf623874ba97222dd25634180275305332c0fea93f029bfc97ab8e4,REVIEWED_CORRECTED,"[""cap.reveal"",""cap.tribal"",""cap.bottom_order""]"
elven_empire:line-51,Elven Empire,5c6c8fe7-3520-423b-a224-1c0af516871a,d593e281696d1b22fb70479ea2cca5a89fdd2848584fb09c6e91f3c898cb8496,REVIEWED_CORRECTED,"[""cap.target"",""cap.destroy"",""cap.mode_choice""]"
elven_empire:line-52,Elven Empire,3b90dd70-798e-4dc4-99e7-b36d6823af2b,d09b6130b80a7f36f459a814f96de15f8f3e4ee20de0bf3653533a0d04bb9173,REVIEWED_CORRECTED,"[""cap.tribal""]"
elven_empire:line-53,Elven Empire,7df3e379-c217-416e-a1c8-46338608c49e,7b357f8584f2ee81d91f0ffdd290fa685e9d2bd921aafa4f917f2367c1af757b,REVIEWED_CORRECTED,"[""cap.tribal"",""cap.token_creation"",""cap.mass_token_creation""]"
elven_empire:line-54,Elven Empire,ec6d52f9-1c8f-48da-951c-be8d7813c7be,4af4595d72f8a3dad287070d31b45dbf88ab21f64ad00893e396b3c2911afbb0,REVIEWED_CONFIRMED,"[""cap.shuffle"",""cap.count_tapped"",""cap.search_library""]"
elven_empire:line-55,Elven Empire,f275039e-3dba-49b0-92aa-92721b1c7f95,31f7ad0458c53448aecf0b190865c93d4ddc6429af21c17636e9427719069323,REVIEWED_CORRECTED,"[""cap.draw"",""cap.life"",""cap.target"",""cap.tribal"",""cap.choice_number_x"",""cap.choose_creature_type""]"
elven_empire:line-56,Elven Empire,b0bd6135-4257-4f71-bdfe-71fb3f7a36a5,bbff60598c2a4659ab21a972c62f39a1642e70ab1acbd4669635cce4807ea633,REVIEWED_CONFIRMED,"[""cap.tribal"",""cap.foretell"",""cap.reanimation"",""cap.private_face_down_exile""]"
elven_empire:line-57,Elven Empire,8f6af612-a4a1-4165-ae4d-ff6353cbaf8d,4ae08a06c9a2a8845285d2d232f5eff3ea4a99aa747945e68447525be9d1ec48,REVIEWED_CORRECTED,"[""cap.draw"",""cap.mill"",""cap.tribal"",""cap.graveyard"",""cap.graveyard_return""]"
elven_empire:line-58,Elven Empire,0bc7f093-bef0-4f1a-852c-4b75ebf54838,09209dc1329df1b377fe35d8499b93f7427a55327be4cbe9091916cb676b97e7,REVIEWED_CONFIRMED,"[""cap.activation_cost"",""cap.mana_production"",""cap.artifact_permanent""]"
elven_empire:line-59,Elven Empire,5d451958-25f3-4e70-8be2-c832f60f39e9,fcf7055076cdb15117ba673ca580c9043e681afe1b6ff2c2d6d29a3bad32c9fb,REVIEWED_CORRECTED,"[""cap.tribal"",""cap.cast_from_exile"",""cap.graveyard_exile_link""]"
elven_empire:line-60,Elven Empire,6ad8011d-3471-4369-9d68-b264cc027487,0edfee8a26567805c343d1bda8704c50b666f997b3413b1acb30bd250fda4949,REVIEWED_CONFIRMED,"[""cap.activation_cost"",""cap.mana_production"",""cap.artifact_permanent""]"
elven_empire:line-61,Elven Empire,4050e5b3-07c2-461c-9852-a2c081c0198d,1a11933cc684b8a92789fb1d993bd94dfd54bf065d4e4d8a9af74b71a5d3331d,REVIEWED_CONFIRMED,"[""cap.saga"",""cap.chapter_timing"",""cap.search_library"",""cap.target_destroy""]"
elven_empire:line-62,Elven Empire,db961314-fe78-4362-902f-aa0dbf6c487d,7f3e20a3aff7f13219f0ef652234215cae95fb728807d0d73fcb004f39f5d96a,REVIEWED_CORRECTED,"[""cap.aura"",""cap.tribal"",""cap.graveyard"",""cap.graveyard_return""]"
elven_empire:line-63,Elven Empire,4741d842-12e6-4a8c-96b1-9e68c7074874,d44cf3bbbe8035557e2cf9d62c92b579a8cebbfb79400e607dd63e053b9cb218,REVIEWED_CORRECTED,"[""cap.life"",""cap.tribal"",""cap.trigger"",""cap.deathtouch"",""cap.life_drain"",""cap.death_trigger""]"
elven_empire:line-64,Elven Empire,83e2b251-bd60-4c5c-b9e2-32c22b28fb8b,da87fb1cc658a3ffafa360340072c7ff3cd584025eacc9aee35c9bc0d39a92af,REVIEWED_CORRECTED,"[""cap.tribal""]"
elven_empire:line-65,Elven Empire,31324235-8a2b-4ce4-b0d4-6d947489b930,cdd3fa4d669413ce441839bc83b3120546795865d2c89ec4c7ad06d990655c63,REVIEWED_CORRECTED,"[""cap.tribal"",""cap.trigger"",""cap.graveyard"",""cap.death_trigger"",""cap.token_creation"",""cap.token_exception"",""cap.mass_token_creation""]"
elven_empire:line-66,Elven Empire,68639a3d-2192-4921-8298-c76bb0cd6b02,3a5b593963047da7672b3b07e8a73a09077922814d862a6cd83b1cfeb8c170fe,REVIEWED_CORRECTED,"[""cap.draw"",""cap.life"",""cap.trigger"",""cap.death_trigger""]"
elven_empire:line-67,Elven Empire,0895c9b7-ae7d-4bb3-af17-3b75deb50a25,feeadba75b0cae107bc0fcde9bb70aa3beb14b669a7d2db7da8a769bb0df9364,REVIEWED_CORRECTED,"[""cap.mana_ability"",""cap.mana_production""]"
elven_empire:line-68,Elven Empire,b34bb2dc-c1af-4d77-b0b3-a0fb342a5fc6,606c8a0bc12c616ed104857e3d3fd304ae6f797e6f5d12eb79f724c46dca5f15,REVIEWED_CONFIRMED,"[""cap.land_zone"",""cap.mana_source"",""cap.ordered_library_card""]"
elven_empire:line-69,Elven Empire,ad6a2776-801f-4743-8268-6d654122171e,9b29ad7fb6af72c35f7851174c8c3dd0dbfa7ecc0c87c70d3b1c0f831f04b0e6,REVIEWED_CORRECTED,"[""cap.mana_ability"",""cap.mana_production""]"
elven_empire:line-70,Elven Empire,fa2da325-6859-45bb-b185-35526b01bcc1,efb31ea8e09ea94e5e7c4f0b753efc85a0f70774377da95a97b8830e6e7feaeb,REVIEWED_CORRECTED,"[""cap.mana_ability"",""cap.mana_production""]"
elven_empire:line-71,Elven Empire,1b301478-b14f-4ef8-94e6-9647d582eabe,516ae4b0f3fafb4bbb5c873a3f05680dfc74c967fe6bef99a44cab3db75236e3,REVIEWED_CORRECTED,"[""cap.trigger"",""cap.mana_ability"",""cap.mana_production""]"
elven_empire:line-72,Elven Empire,6de714e1-446d-4fb9-9e3d-bcd3ec6af9ca,601a3aac04befb2a0e0b913e8605961d69cd5591476b3fee366dbf344bca561f,REVIEWED_CORRECTED,"[""cap.life"",""cap.trigger"",""cap.mana_ability"",""cap.mana_production""]"
elven_empire:line-73,Elven Empire,2549bc57-9ffb-4053-9f10-f2a5f792b845,e0dcab40a8cdbeaa0a802ade184a47d2f026264a6b3eacec1b2dc21f507b210b,REVIEWED_CORRECTED,"[""cap.shuffle"",""cap.mana_ability"",""cap.search_library"",""cap.mana_production""]"
elven_empire:line-74,Elven Empire,b473e293-59e3-4e04-acf2-622604aeb25f,93a1166f14bed33bae8f1b3e53ad5f894241d25edc652b453b32c3dd9ff7f4b8,REVIEWED_CORRECTED,"[""cap.scry"",""cap.tribal"",""cap.trigger"",""cap.bottom_order"",""cap.mana_ability"",""cap.mana_production""]"
elven_empire:line-75,Elven Empire,70965b80-c8ad-4718-ae20-12a4d8228898,aeb10668f46129bcf1b0051db3979e17ede1a6e548bada3636da087a25d9fc28,REVIEWED_CORRECTED,"[""cap.target"",""cap.tribal"",""cap.mana_ability"",""cap.token_creation"",""cap.mana_production"",""cap.mass_token_creation"",""cap.target_pt_modification""]"
elven_empire:line-76,Elven Empire,56719f6a-1a6c-4c0a-8d21-18f7d7350b68,bf962650a28ae38d8ffa02beb1e1fea3f416b8ffe0eb65657eced0650537337b,REVIEWED_CONFIRMED,"[""cap.land_zone"",""cap.mana_source"",""cap.ordered_library_card""]"
grave_danger:line-4,Grave Danger,20e94d0f-6887-45f8-a137-877011d786c6,980a32374039440a431648f81ba54a85a2203c8f2694a1ab9e6db4f86829baaf,REVIEWED_CONFIRMED,"[""cap.mill"",""cap.per_turn_permission"",""cap.graveyard_cast_permission""]"
grave_danger:line-5,Grave Danger,e8fa9455-92ac-46e0-bb34-4175c3c66fee,774fec8913305d4bd180440410bbb1091a7e65a8016d6fe50d6deff5c2ba2db0,REVIEWED_CORRECTED,"[""cap.mill"",""cap.target"",""cap.trigger"",""cap.counters"",""cap.death_trigger""]"
grave_danger:line-6,Grave Danger,1c6a0d19-c7dd-4353-95ad-dfdef2d5d2d9,93d6c892351419872744811e899c28b233f321b1a1771559ddc6301d0ca37e51,REVIEWED_CORRECTED,"[""cap.draw"",""cap.trigger"",""cap.graveyard"",""cap.end_step_trigger""]"
grave_danger:line-7,Grave Danger,75d667ec-86f4-4850-a3b6-e7a9fc7053b0,5e326f0fab38d9df951254999ad3aa71b54631788ae9da24a1485efcad70f432,REVIEWED_CONFIRMED,"[""cap.flashback"",""cap.tapped_tokens"",""cap.mass_token_creation""]"
grave_danger:line-8,Grave Danger,70fa209f-5e79-44de-81ce-1d8d0d8c1006,0bd211e34ac503405ef2fcf7dfc2866b2e65bb7bf15fafa5188e3b57176eccdd,REVIEWED_CORRECTED,"[""cap.exile"",""cap.target"",""cap.tribal"",""cap.graveyard"",""cap.continuous_pt"",""cap.token_creation"",""cap.mass_token_creation""]"
grave_danger:line-9,Grave Danger,f3654fbd-16a5-4953-84ac-534e8421032f,f5483c00668ca2ee720b5f452874465ce9cff88343eca12f0d1b4633787c1984,REVIEWED_CORRECTED,"[""cap.tribal"",""cap.trigger"",""cap.counters""]"
grave_danger:line-10,Grave Danger,e7a7ba65-ad14-41d5-889b-9bbeae9ab3f7,3ecf941eb684f44dd35b502268c6bcc0653343584d6038fd93a73114ec828b93,REVIEWED_CORRECTED,"[""cap.choose_creature_type"",""cap.open_vocabulary_domain"",""cap.selective_temporary_pt_modification""]"
grave_danger:line-11,Grave Danger,4235c99b-50de-4190-8938-3ce5ec5c5248,c3d272272be74f75fe3af49622b9d17506a9a1dd48c64f9c996e377bf81a7418,REVIEWED_CONFIRMED,"[""cap.tap_subset_cost"",""cap.graveyard_target"",""cap.owner_controller_separation"",""cap.reanimation_under_your_control""]"
grave_danger:line-12,Grave Danger,974a46f9-aa84-4b34-bee5-c635166e5841,c184533fc5b4090929be4e72c2784554f53e54b4c713777f56be3420940909c0,REVIEWED_CONFIRMED,"[""cap.kicker"",""cap.scaled_token_creation""]"
grave_danger:line-13,Grave Danger,4f66489c-5a19-40ad-9126-461fa8231f1b,d554c088cab113c2483aa665061bf040b149593ec00437c81682a960265ba975,REVIEWED_CONFIRMED,"[""cap.mill"",""cap.planeswalker"",""cap.loyalty_counters"",""cap.target_pt_modification"",""cap.loyalty_activation_rules"",""cap.turn_scoped_graveyard_cast_permission""]"
grave_danger:line-14,Grave Danger,bd104c7e-311e-4b03-98d3-5f20f3a99d26,1bf33510ea780d502bf7654cfa8fe898f8a41983886671ab2321425e330a225c,REVIEWED_CORRECTED,"[""cap.tribal"",""cap.trigger"",""cap.token_creation"",""cap.mass_token_creation""]"
grave_danger:line-15,Grave Danger,7b600c0e-5ad2-48a2-a147-346ca78c8629,d1b104af18255f6b7a7c7afe70e50a8e0ef0285d77a9f2beada5d7240886e251,REVIEWED_CORRECTED,"[""cap.draw"",""cap.flash"",""cap.trigger"",""cap.choice_number_x""]"
grave_danger:line-16,Grave Danger,e8c7566d-7cc0-48af-a986-83223ec7e06c,34d4f7c3c8bf6349a64ea1c0b0ffb26803ec4459da8e9b3c8c0deaa2a9b848ad,REVIEWED_CORRECTED,"[""cap.draw"",""cap.damage"",""cap.trigger"",""cap.death_trigger"",""cap.token_exception""]"
grave_danger:line-17,Grave Danger,b48a149c-aead-43b2-a99e-c964d6d28aa0,0a7a18b3f1937c9a993fd4f43548fe3dddb81e0dc09687c754d8278862813b5a,REVIEWED_CONFIRMED,"[""cap.self_exile"",""cap.color_set_black"",""cap.mass_destruction"",""cap.subtype_add_zombie"",""cap.post_destruction_choice"",""cap.reanimation_under_your_control""]"
grave_danger:line-18,Grave Danger,a6e720a2-9819-40ec-a811-7812898b531a,37f3e7f1438ea115c3579dc618d9939b29b6afc72b95ac77bf166e1a5f8b1690,REVIEWED_CONFIRMED,"[""cap.token_creation"",""cap.simultaneous_sacrifice"",""cap.sequential_choice_collection"",""cap.multi_actor_staged_resolution""]"
grave_danger:line-19,Grave Danger,28778958-a1f9-4fea-b551-c193d1257f18,e37a12b4d8542b08a3500f6a9494af2211eb8d4ed9f969df9b5ccf093e49cbe9,REVIEWED_CORRECTED,"[""cap.tribal"",""cap.trigger"",""cap.death_trigger"",""cap.token_creation"",""cap.token_exception"",""cap.mass_token_creation""]"
grave_danger:line-20,Grave Danger,c1f085ce-5b52-45b3-aef0-f77f36b3da36,1c77bafb7f7d7dff43bcfbf9de2254fab2d9f29f003636d3dde9e3b37ce89c3d,REVIEWED_CORRECTED,"[""cap.target"",""cap.tribal"",""cap.destroy"",""cap.trigger"",""cap.death_trigger"",""cap.tapped_tokens"",""cap.token_creation"",""cap.token_exception"",""cap.mass_token_creation""]"
grave_danger:line-21,Grave Danger,32972d7a-c7c6-437c-8e7c-6c7d56b130e4,d1bc0272bca51f2b6c377c3f8e3c3049ca8b781aca4f148b4a71b487a47cc880,REVIEWED_CONFIRMED,"[""cap.graveyard"",""cap.alternate_cast_zone"",""cap.additional_sacrifice_cost""]"
grave_danger:line-22,Grave Danger,e6cd9203-e4d3-4d9f-b59f-4e454fc5a477,be3d6b66ce5c8a446acc160c12e78a400cb942b2359c92acbc5dee0b8ff1a0b4,REVIEWED_CONFIRMED,"[""cap.counters"",""cap.graveyard_count"",""cap.replacement_prevention""]"
grave_danger:line-23,Grave Danger,8241277d-654f-4985-9d49-a22c1e59eec2,f3aed8fd971199e56fa6aa7b5709b2d3f555379dd74f6c357d3094a319f1e37a,REVIEWED_CORRECTED,"[""cap.tribal"",""cap.destroy"",""cap.graveyard"",""cap.reanimation"",""cap.mass_destruction""]"
grave_danger:line-24,Grave Danger,67ee7c8b-afcc-4f09-a184-3db01f2ab175,1bac0b2e12b279464e203b46c0f19d1754c5d05053bf1ed625497cdf4a004682,REVIEWED_CONFIRMED,"[""cap.life"",""cap.mill"",""cap.amass"",""cap.damage"",""cap.multi_target""]"
grave_danger:line-25,Grave Danger,1fb02bad-0d1f-437f-a269-f51cc19b280f,aa1aa6f64a3a6a3474af7f1d7ae0a69ab7683305fd962cfd738bbf09ccad7ffe,REVIEWED_CONFIRMED,"[""cap.delayed_trigger"",""cap.turn_scoped_permission"",""cap.graveyard_cast_permission"",""cap.target_card_any_graveyard"",""cap.dynamic_activated_ability_grant""]"
grave_danger:line-26,Grave Danger,6bcfe240-c165-49f2-a90a-be05c05498a1,da62731a3bc9b63e9388bfa7965e18ca0b91a7fb43ab531f94510a1aaff8c873,REVIEWED_CORRECTED,"[""cap.life"",""cap.target"",""cap.counterspell""]"
grave_danger:line-27,Grave Danger,185e34f0-60ae-4b07-94ac-96cef11b1604,0e118d4ab8ed7429c9ff1ee66fc7b3634586ff4c871f19e3710ca1edf493a1b6,REVIEWED_CORRECTED,"[""cap.life"",""cap.trigger""]"
grave_danger:line-28,Grave Danger,922c6e1b-abcf-40e0-847e-9ebb7d0b6fd4,cf328eb4eb5c5bc933bc1370335b1b1513e5a5c975d5704b39c0ce497eadb99d,REVIEWED_CORRECTED,"[""cap.discard_cost"",""cap.color_addition"",""cap.subtype_addition"",""cap.mass_cross_graveyard_reanimation"",""cap.controller_assignment_on_zone_entry""]"
grave_danger:line-29,Grave Danger,d473b507-8c33-4118-bc10-b0a268776074,f71c61eb3532c5cd967f3631cc66d1b8cbb0af0146483b64272f125cd09ce27a,REVIEWED_CORRECTED,"[""cap.reveal"",""cap.mana_ability"",""cap.mana_production""]"
grave_danger:line-30,Grave Danger,cd2c90ac-2b04-461c-92f3-939871b6b6a3,9a03518aa491eeee46729864e0b6c1c335a081b6abc556d15f22233ed54a920a,REVIEWED_CORRECTED,"[""cap.mana_ability"",""cap.mana_production""]"
grave_danger:line-31,Grave Danger,33b9b3bd-33ca-46f3-b8bb-a978bc3d1085,b2a369e2689279f5eec22b34d9abe4742fe01ac9cfd3c07b962225a6085e9a8a,REVIEWED_CORRECTED,"[""cap.scry"",""cap.trigger"",""cap.bottom_order"",""cap.mana_ability"",""cap.mana_production""]"
grave_danger:line-32,Grave Danger,579cbd92-797f-4cdf-91ed-fca7a523eae5,53ef1e829069f789a36d20388319044c739cf001676e4405679d89c36683224b,REVIEWED_CONFIRMED,"[""cap.draw"",""cap.flashback"",""cap.life_additional_cost""]"
grave_danger:line-33,Grave Danger,ac6c5852-71c7-4f19-8c87-ccb345052862,967caf4b138c9f68e1a7abb464ad4cfa3cb9dd20042b866b159af126ba362230,REVIEWED_CORRECTED,"[""cap.draw"",""cap.tribal"",""cap.choose_creature_type""]"
grave_danger:line-34,Grave Danger,324a30cc-bddd-463c-9f28-c94c93a26780,f3add33cc810b8e0246ee7017f882e785e582cc8dcc19d5b1f7ac56802f0360c,REVIEWED_CORRECTED,"[""cap.amass"",""cap.tribal"",""cap.trigger"",""cap.counters"",""cap.flying_grant"",""cap.token_creation"",""cap.mass_token_creation""]"
grave_danger:line-35,Grave Danger,ba0082fb-2d4c-489e-8140-93a6fa693fd0,fe88342a60df4a800d0921cc528b629345c0df3eb8431d0968602efee73afa32,REVIEWED_CORRECTED,"[""cap.amass"",""cap.tribal"",""cap.counters"",""cap.token_creation"",""cap.token_or_counters"",""cap.mass_token_creation""]"
grave_danger:line-36,Grave Danger,973fd4d4-9255-4825-85b7-503606c4e932,1be7c61d1b75f04a8cd44761a21760f1d600737e32830c23f1ea804b9924294e,REVIEWED_CONFIRMED,"[""cap.surveil"",""cap.counterspell"",""cap.library_graveyard_information""]"
grave_danger:line-37,Grave Danger,836d074a-8888-42a0-8dce-11ffce00d2f5,7f8edb03fd3c26f9eabf1917baa0303d323a7138196163e79abfd0282a45128b,REVIEWED_CONFIRMED,"[""cap.multi_target"",""cap.graveyard_return"",""cap.target_restriction""]"
grave_danger:line-38,Grave Danger,6cbd36d9-de47-41b0-9ef4-a72ca01adccd,c3a6cb6df668c5937fe8fd91221b795bbdd42450b3790909462de03b187155ba,REVIEWED_CORRECTED,"[""cap.aura"",""cap.tribal"",""cap.trigger"",""cap.token_creation"",""cap.mass_token_creation""]"
grave_danger:line-39,Grave Danger,5825997b-10d7-4a36-972c-a80ddd90b8ed,1e019cae1fae2dd2c0e6f12118d7ccfe8f4695583ef2eb623e243bdca9e54ee0,REVIEWED_CORRECTED,"[""cap.life"",""cap.target"",""cap.destroy""]"
grave_danger:line-40,Grave Danger,4b1bf05e-753e-4350-a913-894cf3cecc0c,cf099acb075015d206f50880a38d53b370b9bf01eb715c5bf569462c043ca4d4,REVIEWED_CORRECTED,"[""cap.trigger"",""cap.mass_sacrifice""]"
grave_danger:line-41,Grave Danger,38f3b157-0df4-409b-89cc-086e1531cd5b,44e48543f9ad0fe4b26123eaa634b26ea90be38885e954e61d76735a173bf5bf,REVIEWED_CORRECTED,"[""cap.life"",""cap.trigger"",""cap.life_drain"",""cap.choice_number_x""]"
grave_danger:line-42,Grave Danger,85643f9b-49ea-434b-9f27-c1431064345e,0fec0cdf5fe150af4ce272c44c671ef42786ab705b555d2ca3ff38bbead78bd4,REVIEWED_CORRECTED,"[""cap.amass"",""cap.tribal"",""cap.trigger"",""cap.counters"",""cap.token_creation"",""cap.token_or_counters"",""cap.mass_token_creation""]"
grave_danger:line-43,Grave Danger,b3b8c7d0-46b9-4519-808a-154e503a58b6,1638134b58a1eae3cfd91f4f818ab5a2e487b87af56dfe589d908912668b7158,REVIEWED_CORRECTED,"[""cap.tribal"",""cap.trigger"",""cap.token_creation"",""cap.end_step_trigger"",""cap.mass_token_creation""]"
grave_danger:line-44,Grave Danger,3f372107-6c52-4f1f-8bf0-7b3fa21b2cae,2bfb77a62827b8719bbd084431eeba2805dc74d1a52f0a2d8e54f0db6e2e6a43,REVIEWED_CORRECTED,"[""cap.tribal""]"
grave_danger:line-45,Grave Danger,5e0bd136-e7e9-49f0-910b-a9fb0b9c481a,8a5f42549bfedbed220c9f4444e8b5841abd49f069e6e357fd0503a94324e38e,REVIEWED_CORRECTED,"[""cap.damage"",""cap.target"",""cap.trigger"",""cap.graveyard""]"
grave_danger:line-46,Grave Danger,76f405a1-242a-47e6-9aa6-261e49a85b45,bb9fe8b77e77bd84034a7aff798b18d5beb63ddea75f4069e82f527ce009833b,REVIEWED_CORRECTED,"[""cap.life"",""cap.trigger""]"
grave_danger:line-47,Grave Danger,4fe6f784-0290-4d4a-85ae-0b66522d31e9,eb9266b163dc2ad6b77d5f027b2e73e06332c7019152fba66efe400fda151231,REVIEWED_CORRECTED,"[""cap.life"",""cap.mill"",""cap.trigger"",""cap.graveyard"",""cap.deathtouch""]"
grave_danger:line-48,Grave Danger,938b4e2c-88d9-4637-bc00-e228920c9a78,8a947faf6e917ba70cac52bcd31b4421b4c3dfeaaa8791a0ef739d35e6a99fc3,REVIEWED_CORRECTED,"[""cap.target"",""cap.destroy""]"
grave_danger:line-49,Grave Danger,894176e3-af9c-41ef-9f35-59dfdda3c17f,362573cbb7a70f99013548918829d0e5db1301bda24f68d442ecd00f530fc1f1,REVIEWED_CORRECTED,"[""cap.draw"",""cap.life""]"
grave_danger:line-50,Grave Danger,bc7c3151-ad07-429a-8af8-e4f24b7d9f6b,d563705d531dd180667bb2457aacefcef3d8c70274ad1aa24ef707af65e25c2b,REVIEWED_CORRECTED,"[""cap.tribal"",""cap.token_creation"",""cap.mass_token_creation""]"
grave_danger:line-51,Grave Danger,c26887e1-27f4-4550-921b-53460e43c079,8046c5da825f761fb42a9bb6f3db6f2e10a09c3e05f38bf84e710e0ade57b1d2,REVIEWED_CORRECTED,"[""cap.draw"",""cap.life"",""cap.tribal"",""cap.trigger"",""cap.death_trigger""]"
grave_danger:line-52,Grave Danger,660de988-b6fb-4f36-8006-42af3e7f908d,cec232b648c82fe476e1c6d6159ea064736272f6edee6d0b066bbcf48cd9345e,REVIEWED_CORRECTED,"[""cap.draw"",""cap.life""]"
grave_danger:line-53,Grave Danger,277c8ee9-0157-4e45-96ad-1b67716955ee,6ccaf184e7ae0bfa8b0cb9c6e8d3f7805739aabd2994fdb459b07ee96c07be6b,REVIEWED_CORRECTED,"[""cap.life"",""cap.tribal"",""cap.trigger"",""cap.death_trigger""]"
grave_danger:line-54,Grave Danger,240e85d3-e495-4877-8609-4b4056c402f7,3c4e6bc55e2f60b08c8c09ae814d951ad39a992c36692c6d9f3dddf1f91f386e,REVIEWED_CONFIRMED,"[""cap.choose_two_targets"",""cap.reanimation_tapped"",""cap.sacrifice_additional_cost""]"
grave_danger:line-55,Grave Danger,61897e1b-dea0-44c2-9e38-6e2627647e17,6a21bd7aab41bba1ba79ffa32041fb7e75b75a2264ff7aea79e2061202b6ba09,REVIEWED_CORRECTED,"[""cap.amass"",""cap.tribal"",""cap.trigger"",""cap.counters"",""cap.deathtouch"",""cap.token_creation"",""cap.token_or_counters"",""cap.mass_token_creation""]"
grave_danger:line-56,Grave Danger,29e13ec1-a239-4217-a2bd-24ff90745ec0,7be9f4be37aa07de8b19b5d7016f47ba56cd9af7dbf82ae7e48d9a3d7040a4c2,REVIEWED_CORRECTED,"[""cap.exile"",""cap.target"",""cap.graveyard""]"
grave_danger:line-57,Grave Danger,70de24d9-c585-4bf6-ac2c-c5b4b7aa298c,5849292cc4eb40732a0052573d4da8e03f1f3a3f2082168254f8d8245b4b8478,REVIEWED_CORRECTED,"[""cap.life"",""cap.target"",""cap.tribal"",""cap.trigger"",""cap.deathtouch"",""cap.continuous_pt"",""cap.death_trigger""]"
grave_danger:line-58,Grave Danger,f7716dff-5de7-4b52-966e-72ee3adc8d9a,7032e690cb36e3071543579a73b4b24e67e12d19a438bcce3fba62cde4b8e1d2,REVIEWED_CORRECTED,"[""cap.amass"",""cap.tribal"",""cap.trigger"",""cap.counters"",""cap.token_creation"",""cap.token_or_counters"",""cap.mass_token_creation""]"
grave_danger:line-59,Grave Danger,b734cfd9-afef-41f1-8377-68c885fb3a69,61437d9bfab1fcafe2060c9584736ffac8ded04666bf4a50e25e8c7e806fb52b,REVIEWED_CORRECTED,"[""cap.draw"",""cap.mill"",""cap.target""]"
grave_danger:line-60,Grave Danger,0bc7f093-bef0-4f1a-852c-4b75ebf54838,09209dc1329df1b377fe35d8499b93f7427a55327be4cbe9091916cb676b97e7,REVIEWED_CONFIRMED,"[""cap.activation_cost"",""cap.mana_production"",""cap.artifact_permanent""]"
grave_danger:line-61,Grave Danger,0b67c4e2-f88b-4e01-85a1-9d5f5b8db13b,d7de87f737c2930dcb3fbef735064c7f80f9f5d74ab82c97bfde08a9b5e09b07,REVIEWED_CONFIRMED,"[""cap.activation_cost"",""cap.mana_production"",""cap.artifact_permanent""]"
grave_danger:line-62,Grave Danger,7d881c57-0bd9-4c57-aa4a-b10808b86143,3058a7e0a1d4df5c08b5dc7a4a1980ff0de90e3ee130d3f812335a4ddc23dd85,REVIEWED_CONFIRMED,"[""cap.activation_cost"",""cap.mana_production"",""cap.artifact_permanent""]"
grave_danger:line-63,Grave Danger,3525e263-e29a-49bf-a29f-fb3ce43bbd33,9d3da5349253a3dc524e82358bc3caaa9845f603246d69ca30789b339b4d60b4,REVIEWED_CORRECTED,"[""cap.mana_ability"",""cap.mana_production"",""cap.artifact_permanent""]"
grave_danger:line-64,Grave Danger,6ad8011d-3471-4369-9d68-b264cc027487,0edfee8a26567805c343d1bda8704c50b666f997b3413b1acb30bd250fda4949,REVIEWED_CONFIRMED,"[""cap.activation_cost"",""cap.mana_production"",""cap.artifact_permanent""]"
grave_danger:line-65,Grave Danger,4c0a0448-b9d6-43a0-8549-64066dac63f0,9c935d81a024e084994ac55999c183a90498b4e466d937dfb7931975148f5ef5,REVIEWED_CONFIRMED,"[""cap.activation_cost"",""cap.mana_production"",""cap.artifact_permanent""]"
grave_danger:line-66,Grave Danger,060ae1bb-956a-4264-b405-a33151f31493,72e4313610294a782018260952381433a987595b3dafa8496fa579d68cc812cb,REVIEWED_CORRECTED,"[""cap.target"",""cap.destroy"",""cap.mana_ability"",""cap.mana_production"",""cap.artifact_permanent""]"
grave_danger:line-67,Grave Danger,31f15274-301b-47c5-ba19-0ced04520878,3a884312f3064113b1d78c342c0b58264a9a70425e643638c8e305c7d941f76b,REVIEWED_CONFIRMED,"[""cap.activation_cost"",""cap.mana_production"",""cap.artifact_permanent""]"
grave_danger:line-68,Grave Danger,0895c9b7-ae7d-4bb3-af17-3b75deb50a25,feeadba75b0cae107bc0fcde9bb70aa3beb14b669a7d2db7da8a769bb0df9364,REVIEWED_CORRECTED,"[""cap.mana_ability"",""cap.mana_production""]"
grave_danger:line-69,Grave Danger,865a2194-fca0-446e-aae3-ca475cd66e00,4ea67a7063ea6463c930d39bcef5cba91b6902cd95e73a74d05a62c9214aee0f,REVIEWED_CORRECTED,"[""cap.life"",""cap.trigger"",""cap.mana_ability"",""cap.mana_production""]"
grave_danger:line-70,Grave Danger,8b96f837-7c32-473a-b5ae-1d66527eaf7b,e98ee9c457fcee613b6b92b250c57213eaf8ce4e26b9a6b36beb2edd9859d286,REVIEWED_CORRECTED,"[""cap.life"",""cap.trigger"",""cap.mana_ability"",""cap.mana_production""]"
grave_danger:line-71,Grave Danger,6a40823f-130c-4416-a987-75e205d3e1dd,c89e174c5be1a1505a4b6a330366bc221b9d8d22697dd4d135d9553cb65deeb5,REVIEWED_CORRECTED,"[""cap.mana_ability"",""cap.mana_production""]"
grave_danger:line-72,Grave Danger,f27d52e6-aab9-4f95-ae46-33d1173bf4fe,d88ad465f562fc70c3818f73edd6aea51205cde3019777adcc55046852a0086e,REVIEWED_CORRECTED,"[""cap.mana_ability"",""cap.mana_production""]"
grave_danger:line-73,Grave Danger,b2c6aa39-2d2a-459c-a555-fb48ba993373,7d582ec989bb9b3212c9b077efe094a397d59495e33a0bdc8f4c760fd8a5486c,REVIEWED_CONFIRMED,"[""cap.land_zone"",""cap.mana_source"",""cap.ordered_library_card""]"
grave_danger:line-74,Grave Danger,56719f6a-1a6c-4c0a-8d21-18f7d7350b68,bf962650a28ae38d8ffa02beb1e1fea3f416b8ffe0eb65657eced0650537337b,REVIEWED_CONFIRMED,"[""cap.land_zone"",""cap.mana_source"",""cap.ordered_library_card""]"
phantom_premonition:line-4,Phantom Premonition,c73a9939-0742-4919-94d6-c3b537697f17,28cf995a3a9bc4542fc851582a19a78b25df783bb0d7b0feb65cde1312476f56,REVIEWED_CONFIRMED,"[""cap.foretell"",""cap.exile_trigger"",""cap.token_creation"",""cap.cost_modification"",""cap.private_face_down_exile""]"
phantom_premonition:line-5,Phantom Premonition,48d14b5c-711a-4f8a-9de5-55415cb7a79a,6cf955bf0fe8f569439c564d7e336117c7ee75700edc8b9bcbf6969133e806fd,REVIEWED_CORRECTED,"[""cap.exile"",""cap.target"",""cap.trigger"",""cap.graveyard""]"
phantom_premonition:line-6,Phantom Premonition,f4ce6078-8c7b-4f68-b324-13130c63a983,e128ba06087d3e5bb606f1951435f19462cdab685de4c482acf61b1c7026d9af,REVIEWED_CORRECTED,"[""cap.exile"",""cap.target"",""cap.trigger""]"
phantom_premonition:line-7,Phantom Premonition,7dbf5f59-1246-4156-bb21-090cfddd9111,d72ea8f5a0f31ee5cf9fc7aea969b083211c8b734995197492e02c30f30e7666,REVIEWED_CORRECTED,"[""cap.draw"",""cap.exile"",""cap.target"",""cap.trigger"",""cap.mass_exile"",""cap.end_step_trigger""]"
phantom_premonition:line-8,Phantom Premonition,fcb0c7db-bd07-4c25-b7f8-b6c207e4f6be,ef9e6209421688ec11c7baf8ca9e1776357dbfacf42b5b1cf5bf3618b03dc7d0,REVIEWED_CONFIRMED,"[""cap.mass_blink"",""cap.new_incarnations"",""cap.subset_selection"",""cap.combat_damage_trigger""]"
phantom_premonition:line-9,Phantom Premonition,893fed41-c144-433f-af88-bc7d419b7fb3,95866399870671783e9bfe81b1615fcdbaed0e74a0d09192452993c82a9cbe41,REVIEWED_CORRECTED,"[""cap.shuffle"",""cap.search_library"",""cap.artifact_permanent""]"
phantom_premonition:line-10,Phantom Premonition,f84d1291-1f82-4b67-a26e-b79624b4ce1d,f800a1d33dbde5e781c6c8806a7f804768d1e6839de0c56809aacb804bfefa27,REVIEWED_CORRECTED,"[""cap.draw"",""cap.life"",""cap.trigger""]"
phantom_premonition:line-11,Phantom Premonition,e1c13a19-46cd-474b-a46b-a483be6b91bb,49ae096114ab55ac1e4bc29c913f84babed8cbf05ffcc5abe79574cb24532d12,REVIEWED_CORRECTED,"[""cap.trigger"",""cap.flying_grant"",""cap.token_creation"",""cap.mass_token_creation""]"
phantom_premonition:line-12,Phantom Premonition,270d14b2-07bc-46bc-918f-658102265ccf,96f6baed9d9d64b56c204b04a781362df40633e0bfb84182393e5a815fc9ba49,REVIEWED_CONFIRMED,[]
phantom_premonition:line-13,Phantom Premonition,f0f7c3df-52f8-4835-a18f-69e56ffa3432,59fe6f88066fc504a2db2107da949c5dd9eb97f1a1b045adbd17b1b80799cc13,REVIEWED_CONFIRMED,"[""cap.foretell"",""cap.grant_foretell"",""cap.private_face_down_exile""]"
phantom_premonition:line-14,Phantom Premonition,4fbe1c02-f5bf-47c7-80de-09a32d01e5db,877ec1d1a6093b341f25170dcc5b53ca601ff6857505f33fdac05e1e312b51d8,REVIEWED_CORRECTED,"[""cap.trigger"",""cap.token_creation"",""cap.choice_number_x"",""cap.mass_token_creation"",""cap.scaled_token_creation""]"
phantom_premonition:line-15,Phantom Premonition,b23a3d30-6b8e-4aad-890f-db0c3af43ace,3872039d7aa8781b8f5f37c1dfe99214789db8f152e586b565147eb78a57a387,REVIEWED_CORRECTED,"[""cap.blink"",""cap.exile"",""cap.target"",""cap.trigger"",""cap.delayed_return"",""cap.end_step_trigger""]"
phantom_premonition:line-16,Phantom Premonition,e5deac0b-4417-42cc-b145-db0afe34f6e0,91ddb8f43567d2f88084bdbf295e0b551cc89f1da5f21cec5b4576ba5de4788f,REVIEWED_CORRECTED,"[""cap.trigger"",""cap.token_creation"",""cap.choice_number_x"",""cap.mass_token_creation""]"
phantom_premonition:line-17,Phantom Premonition,3dc51dfc-7a60-41bf-b944-6afad6b06c22,4974e77e53cded37029e498a1c3607d1a101cb78553b8721505d6db664f20c8b,REVIEWED_CORRECTED,"[""cap.trigger"",""cap.continuous_pt""]"
phantom_premonition:line-18,Phantom Premonition,83f1408e-8270-49b4-9d3f-eacfd3645543,0e08d8abdc2a079b3854377fcc3cf45678705fe6af361f922103cc2abbc9c0d5,REVIEWED_CORRECTED,"[""cap.exile"",""cap.trigger"",""cap.counters"",""cap.type_change"",""cap.flying_grant"",""cap.choice_number_x""]"
phantom_premonition:line-19,Phantom Premonition,61cceb14-9568-4a5e-9b56-07afa6407df2,1cef670b6d89aa1dfd98d7a4ddd5e0c3e87bd3a94f80a4f850d99e95183da04b,REVIEWED_CORRECTED,"[""cap.draw"",""cap.trigger"",""cap.token_creation"",""cap.mass_token_creation""]"
phantom_premonition:line-20,Phantom Premonition,a5f537f6-3254-45a3-a4e7-d4d4fd7a972d,e21b1aad3767205a6a8bacc97f16a320d622a81eb2f00e7d3ab38d2b53a136f9,REVIEWED_CORRECTED,"[""cap.shuffle"",""cap.trigger"",""cap.search_library""]"
phantom_premonition:line-21,Phantom Premonition,d9f11aa1-9219-42a8-85a9-a8f204160706,3d36458691536840fc8d04d9967b68c1c9e629545066cc673b252b2d607919a4,REVIEWED_CORRECTED,"[""cap.target"",""cap.destroy"",""cap.trigger"",""cap.artifact_permanent""]"
phantom_premonition:line-22,Phantom Premonition,12654457-3aae-4046-a976-8e41c3f78927,9c00601ad4c1eb43ef43fecf600be7e6e4088dd619303261f46e82a1b3bb661e,REVIEWED_CORRECTED,"[""cap.target"",""cap.trigger""]"
phantom_premonition:line-23,Phantom Premonition,38e274e2-bd04-48de-a1df-44f0ee987ba8,5ccfed4237ade08dfe6b04a209a5603d9dc5930c0a9d6b9e30107c467cf80ea0,REVIEWED_CONFIRMED,"[""cap.blink"",""cap.target"",""cap.activation"",""cap.delayed_return""]"
phantom_premonition:line-24,Phantom Premonition,24d0f5e7-0d9e-4b76-900e-a7274e80312d,c9b77cbcc0ba978e42fbf1927daafbecd8859ed70ca0d23c2710e09f6460752b,REVIEWED_CORRECTED,"[""cap.draw"",""cap.trigger""]"
phantom_premonition:line-25,Phantom Premonition,dfbd3afc-9905-4cff-a4f4-df08a4d0a7fa,1c813c896adc069a7f0598f2e9c490be36cb1670046c0f10725066beab9e8989,REVIEWED_CORRECTED,"[""cap.blink"",""cap.exile"",""cap.flash"",""cap.target"",""cap.trigger"",""cap.reanimation_under_your_control""]"
phantom_premonition:line-26,Phantom Premonition,fc74f6a6-9064-4e1b-8dc1-446192bbc448,2a2c287f4765574ab37b63e88e081aeef75f471391123d5f6b1ea3564155b72c,REVIEWED_CORRECTED,"[""cap.exile"",""cap.foretell""]"
phantom_premonition:line-27,Phantom Premonition,b333c194-d285-4dfb-984c-57b7e88393af,bc0df462304aeb523699962b3fea9548eb79d6da8e396a8e06ae5cdf6576821b,REVIEWED_CORRECTED,"[""cap.trigger"",""cap.bottom_order""]"
phantom_premonition:line-28,Phantom Premonition,92019547-f6db-4ea6-8356-d0a90ace5662,9a1f0cf89e2d498785317462c8e97d2916378c7fdf4e70a8959e9cff34fa184d,REVIEWED_CORRECTED,"[""cap.blink"",""cap.exile"",""cap.target"",""cap.trigger"",""cap.counters"",""cap.end_step_trigger""]"
phantom_premonition:line-29,Phantom Premonition,42820e09-f817-4485-a96a-ac2b0b798269,b6913365d2fc7454e2770219c0513be0923bb94aa4b3c58dbe442f309b5426db,REVIEWED_CORRECTED,"[""cap.exile"",""cap.reveal"",""cap.shuffle"",""cap.trigger"",""cap.foretell"",""cap.search_library""]"
phantom_premonition:line-30,Phantom Premonition,b2e950fb-cb7e-40a0-a311-5bbdd0477b29,e9976bd3125178fab8ba87f8be6cb646cc63509515be789ebb8a4950812be951,REVIEWED_CORRECTED,"[""cap.target"",""cap.trigger"",""cap.graveyard"",""cap.reanimation"",""cap.attack_trigger""]"
phantom_premonition:line-31,Phantom Premonition,b1a3b2ab-d9f8-4a0a-b2e2-aaa9989b2e41,15d2989b3cb61080fe757d33d27ef0afc282c36969eb3de99a42ebf37af5f9d4,REVIEWED_CORRECTED,"[""cap.reveal"",""cap.trigger"",""cap.attack_trigger""]"
phantom_premonition:line-32,Phantom Premonition,15276d3b-a117-44bf-87c3-c17e032e4a26,75a9b91896cdff95365f107539849078e10142746d2006a6324ebeb09cf767d1,REVIEWED_CORRECTED,"[""cap.flash""]"
phantom_premonition:line-33,Phantom Premonition,95e66851-7aff-4559-91b4-6b8a95c6e1f8,20c24cd5b14c711b6ac1b7b0a5885f41e8821e5ed89af82c8535452669903f73,REVIEWED_CORRECTED,"[""cap.draw"",""cap.trigger""]"
phantom_premonition:line-34,Phantom Premonition,5f601f48-d24b-4883-9fde-b3f620e7c9ea,bfa19fc9a184b29250475d53ee1b90c64dea6c42af0fe23c5d7566dd91758650,REVIEWED_CORRECTED,"[""cap.draw"",""cap.trigger""]"
phantom_premonition:line-35,Phantom Premonition,7060f2c8-fca0-4b7a-bddf-37682f434596,558326059997168b36bddd66d49bea7ca85e9a89d611f5bd71444ca529922a71,REVIEWED_CORRECTED,"[""cap.target"",""cap.trigger"",""cap.token_creation"",""cap.mass_token_creation""]"
phantom_premonition:line-36,Phantom Premonition,d7d2f701-77df-4169-bf98-0d51d6886e9b,605a948facdcfbaef29dfc5345d906cbe37503a389aeed3e3de87a57e46f4f72,REVIEWED_CONFIRMED,"[""cap.draw"",""cap.scry"",""cap.foretell"",""cap.private_face_down_exile""]"
phantom_premonition:line-37,Phantom Premonition,cddccc2a-a76e-48b3-b4dd-dfeab89e1619,9af32e320ee6945aabdd7b8b67217d0cb0392e65cba98949a9f2fa09dfc008cd,REVIEWED_CONFIRMED,"[""cap.foretell"",""cap.delayed_return"",""cap.new_incarnations"",""cap.replacement_effect""]"
phantom_premonition:line-38,Phantom Premonition,0634091a-a74c-4cea-b6d1-7324a725554a,a3b9785ff5a15db54023e1f941d1d231fe838aa86ba71f24270fa4a4598397ce,REVIEWED_CONFIRMED,"[""cap.mass_blink"",""cap.delayed_return"",""cap.subset_selection""]"
phantom_premonition:line-39,Phantom Premonition,ad0070db-6454-41cb-861f-8f5b8fc2a3b8,8935f1501047b1378ab5371a0a406f4aeac42c9ff6ae0c70f8f1a49f8631aff7,REVIEWED_CONFIRMED,"[""cap.blink"",""cap.new_incarnations"",""cap.choose_two_targets""]"
phantom_premonition:line-40,Phantom Premonition,70528ca9-195c-49a5-9d83-d51df3b0591f,79c79fa71eb8f5df2914a4b93806b9e86c7835edf79b4a93f08c4d269b76e0de,REVIEWED_CORRECTED,"[""cap.exile"",""cap.damage"",""cap.target"",""cap.foretell""]"
phantom_premonition:line-41,Phantom Premonition,a3ec6b5d-08ec-4ae0-b1db-c4b87a1849c7,b1dc68e2ade2837a314d54d4b15e6aafaac4a8ede5e317f17d51f7deafa21ea4,REVIEWED_CONFIRMED,"[""cap.blink"",""cap.target"",""cap.flashback""]"
phantom_premonition:line-42,Phantom Premonition,3029df1d-d02a-4fed-8ab4-000a2096f823,caa02950b3f462b6317784ed62e436290377cc53ffddee765e566bb4aadc39c4,REVIEWED_CORRECTED,"[""cap.exile"",""cap.target""]"
phantom_premonition:line-43,Phantom Premonition,90edaf33-d0ab-47e0-8f6a-6fba38286e6e,d0e4a19d9509a971ae8fc3ac51670c74ed5fcf6ebc318d44f2dcb38321e99a83,REVIEWED_CONFIRMED,"[""cap.foretell"",""cap.counterspell"",""cap.private_face_down_exile""]"
phantom_premonition:line-44,Phantom Premonition,640a7d2c-42c4-4ea7-bd5b-72f12a65785e,0ce30c2ce129555161866defb3f5e800ddb6d13c69c84a94dcfc6f0ad385c080,REVIEWED_CONFIRMED,"[""cap.reveal"",""cap.mass_exile"",""cap.library_traversal"",""cap.mass_put_battlefield""]"
phantom_premonition:line-45,Phantom Premonition,8106606c-9a1c-44b2-a9bf-3f189ce050ef,e32fb4c4c75ece78f16382c128664a4e8097e3b754ce4e1cf7b449e297f50216,REVIEWED_CONFIRMED,"[""cap.foretell"",""cap.continuous_pt"",""cap.private_face_down_exile""]"
phantom_premonition:line-46,Phantom Premonition,aff34f28-f707-4458-8af3-1bd5b13a6b10,2069d4efaba902e88e893e0476b3cac2920c907d603e655326efc8b1d135b6af,REVIEWED_CORRECTED,"[""cap.destroy"",""cap.mode_choice"",""cap.mass_destruction""]"
phantom_premonition:line-47,Phantom Premonition,5669ea7c-c4fc-494c-896b-4bce9b494817,6fc93a79abcb46e97da717aa7eb988e3b07b24bcfd3b3d54be8dae879f543701,REVIEWED_CONFIRMED,"[""cap.exile"",""cap.multi_target"",""cap.token_creation"",""cap.choice_number_x""]"
phantom_premonition:line-48,Phantom Premonition,f6a74582-62b6-48d1-89d6-e26059229840,fb9eb56c8801c0d2243fa46244ee60c41c9812ad656bcfb68454b6dac19e24b2,REVIEWED_CORRECTED,"[""cap.reveal"",""cap.shuffle"",""cap.discard_cost"",""cap.search_library"",""cap.token_creation"",""cap.mass_token_creation""]"
phantom_premonition:line-49,Phantom Premonition,d3d61a6a-7870-44df-92e5-513dac2c2c3e,3eb0497bf46e15adb791e24009cb040db73b9e097882215e83cc6318cd1cf232,REVIEWED_CORRECTED,"[""cap.exile"",""cap.target"",""cap.foretell""]"
phantom_premonition:line-50,Phantom Premonition,bb9bb65e-504f-4edd-8d47-d0efa03e7d17,5d56db0530c5f95b17710d6b72809ccc8c77b1029d51a6953c18a3bf946b9a6d,REVIEWED_CONFIRMED,"[""cap.foretell"",""cap.mass_bounce"",""cap.commander_zone_choice"",""cap.private_face_down_exile""]"
phantom_premonition:line-51,Phantom Premonition,30aa362b-7ab1-486e-9802-1171e0dc2416,2e1e19cea8821dee2f28a8e9678645c7424e00331f26b56c7470c7a99766a8d3,REVIEWED_CORRECTED,"[""cap.life"",""cap.token_creation"",""cap.choice_number_x"",""cap.mass_token_creation"",""cap.scaled_token_creation""]"
phantom_premonition:line-52,Phantom Premonition,49e3c192-862f-483e-abd1-e22863ea88dd,a27d6ad889913b6caa24b626f3d1d5d26b191291c93f66b617f83c25456a21b3,REVIEWED_CORRECTED,"[""cap.draw"",""cap.exile"",""cap.foretell""]"
phantom_premonition:line-53,Phantom Premonition,08becc07-28bc-4a2f-a6b0-28a2998d2f50,cdee494cf5bd56cf021a05358113edcdad6acbc33babfafc2a2891e8932d96cf,REVIEWED_CORRECTED,"[""cap.draw"",""cap.choice_number_x""]"
phantom_premonition:line-54,Phantom Premonition,f28b21a6-f7ce-437a-8c5b-0423cb55cefb,18de1dd8a1d1a394aa45f918b617839e9790a0f3ce2c5093002d462c8f8c86c3,REVIEWED_CONFIRMED,"[""cap.target"",""cap.linked_exile_return""]"
phantom_premonition:line-55,Phantom Premonition,c4df259a-cdd4-420a-8e3d-7b69da5c9f6f,89900f4747f254f3b897f102275078391d04518330f400e45e542f86b244c415,REVIEWED_CONFIRMED,"[""cap.mass_exile"",""cap.linked_return"",""cap.type_wide_state"",""cap.token_replacement""]"
phantom_premonition:line-56,Phantom Premonition,e828b189-0e8f-43b8-b909-4c23e742e028,bb9dbdcc3158bddf0add0108fa8847dc33d4e02ae14d43a172a2ab016bff0ba9,REVIEWED_CORRECTED,"[""cap.attack_trigger""]"
phantom_premonition:line-57,Phantom Premonition,41fb2b0e-d0a0-4e47-a6f3-fc9860ade65a,033dcba3b86a4b86e56e974c90ed975a33a06cd71c355463f50ddf570ca4158a,REVIEWED_CORRECTED,"[""cap.target"",""cap.trigger"",""cap.graveyard"",""cap.reanimation"",""cap.multi_target"",""cap.continuous_pt"",""cap.choice_number_x""]"
phantom_premonition:line-58,Phantom Premonition,e79bf038-071e-448e-ad95-234c207a9575,e5990956957ffb8cea87f13672a0f9d05a11dd4baafcb1755443a58eadd70c97,REVIEWED_CONFIRMED,"[""cap.saga"",""cap.chapter_timing"",""cap.foretell_recursion""]"
phantom_premonition:line-59,Phantom Premonition,0bc7f093-bef0-4f1a-852c-4b75ebf54838,09209dc1329df1b377fe35d8499b93f7427a55327be4cbe9091916cb676b97e7,REVIEWED_CONFIRMED,"[""cap.activation_cost"",""cap.mana_production"",""cap.artifact_permanent""]"
phantom_premonition:line-60,Phantom Premonition,e018773f-95b3-49a3-9674-6f04ddef2092,05aba38ddaab578abd5bb04bb97e95146b73d2f1e60802b96808425858ade4af,REVIEWED_CONFIRMED,"[""cap.activation_cost"",""cap.mana_production"",""cap.artifact_permanent""]"
phantom_premonition:line-61,Phantom Premonition,0b67c4e2-f88b-4e01-85a1-9d5f5b8db13b,d7de87f737c2930dcb3fbef735064c7f80f9f5d74ab82c97bfde08a9b5e09b07,REVIEWED_CONFIRMED,"[""cap.activation_cost"",""cap.mana_production"",""cap.artifact_permanent""]"
phantom_premonition:line-62,Phantom Premonition,910488bf-66ab-415e-973b-1262b2ab7454,10a31c08af7b15296543c71a7a475911077eafa2c6b65e30590c797df5e4fbbb,REVIEWED_CONFIRMED,"[""cap.activation_cost"",""cap.mana_production"",""cap.artifact_permanent""]"
phantom_premonition:line-63,Phantom Premonition,c97361b5-af16-4a7b-af85-a429dbaf4ad2,8b02d639c6616aa6c60b30a0c59139a24e09f3dc7ceba7566b51ec21a12d1c3b,REVIEWED_CONFIRMED,"[""cap.activation_cost"",""cap.mana_production"",""cap.artifact_permanent""]"
phantom_premonition:line-64,Phantom Premonition,1ff00f5b-4bf9-4724-8bb5-6b9a9eb0ec7f,e29de91f90c4573302847dcbe80915783ac767841f9ace1b08d90eb6d2220111,REVIEWED_CORRECTED,"[""cap.counters"",""cap.token_creation"",""cap.upkeep_trigger"",""cap.mass_token_creation""]"
phantom_premonition:line-65,Phantom Premonition,2224b6e0-c5ff-45d0-84e3-83758c5fc99f,5942454ce9b16a26966c0889e2e5159a5c8c52a06e0dbb3db6596fc13221bdd2,REVIEWED_CONFIRMED,"[""cap.activation_cost"",""cap.mana_production"",""cap.artifact_permanent""]"
phantom_premonition:line-66,Phantom Premonition,6ad8011d-3471-4369-9d68-b264cc027487,0edfee8a26567805c343d1bda8704c50b666f997b3413b1acb30bd250fda4949,REVIEWED_CONFIRMED,"[""cap.activation_cost"",""cap.mana_production"",""cap.artifact_permanent""]"
phantom_premonition:line-67,Phantom Premonition,c8b143ad-43ec-4e0d-a440-e348daa31391,cca3aa148b3a9abd662989237a1827365cdb9e10c005eeaab5e558d11d604cb6,REVIEWED_CORRECTED,"[""cap.target"",""cap.trigger"",""cap.equipment"",""cap.attachment"",""cap.attack_trigger"",""cap.artifact_permanent""]"
phantom_premonition:line-68,Phantom Premonition,189fc8f4-17ac-4f1d-82c8-8401445bdaf4,ebf9f8ebd5dd531181ebaa532af172a1d49aa97e91166d6432098ba4aed86e25,REVIEWED_CORRECTED,"[""cap.trigger"",""cap.mana_ability"",""cap.mana_production""]"
phantom_premonition:line-69,Phantom Premonition,ad1712d8-809f-410c-8b91-ffe6fb8a69a1,15d51947794559eb14d4f42d9bffb85544f170d1a6cbd11d8b29ad005037e9a1,REVIEWED_CORRECTED,"[""cap.mana_ability"",""cap.mana_production""]"
phantom_premonition:line-70,Phantom Premonition,0895c9b7-ae7d-4bb3-af17-3b75deb50a25,feeadba75b0cae107bc0fcde9bb70aa3beb14b669a7d2db7da8a769bb0df9364,REVIEWED_CORRECTED,"[""cap.mana_ability"",""cap.mana_production""]"
phantom_premonition:line-71,Phantom Premonition,b2eb7a64-a307-4a78-a25d-63fb3ae1e237,47340e6bb85183dd2e23c80390fd8c6d7e43673e41fc81cfcd8bba93039c8f60,REVIEWED_CORRECTED,"[""cap.draw"",""cap.mana_ability"",""cap.mana_production""]"
phantom_premonition:line-72,Phantom Premonition,6f85c26e-3c87-4112-ad1a-8a5708555a93,53e4121c4e36860e83566bc75969e14f902ced4adde7fbe67dee1842139317c0,REVIEWED_CORRECTED,"[""cap.draw"",""cap.life"",""cap.mana_ability"",""cap.mana_production""]"
phantom_premonition:line-73,Phantom Premonition,5d3563dd-a2c1-463c-a0ed-5ac22388bdbe,fd51695054f6e5b499acece4b0bcc1ac339a77e344beb8afae8a062182a9fe7e,REVIEWED_CORRECTED,"[""cap.mana_ability"",""cap.mana_production""]"
phantom_premonition:line-74,Phantom Premonition,b2c6aa39-2d2a-459c-a555-fb48ba993373,7d582ec989bb9b3212c9b077efe094a397d59495e33a0bdc8f4c760fd8a5486c,REVIEWED_CONFIRMED,"[""cap.land_zone"",""cap.mana_source"",""cap.ordered_library_card""]"
phantom_premonition:line-75,Phantom Premonition,2d9663be-c466-4191-85e2-a69ce0965432,a3cccba6d3d8bda42f5fd37ccea51c6a966380066b4077a962bfffa5176b955f,REVIEWED_CORRECTED,"[""cap.mana_ability"",""cap.mana_production""]"
phantom_premonition:line-76,Phantom Premonition,2549bc57-9ffb-4053-9f10-f2a5f792b845,e0dcab40a8cdbeaa0a802ade184a47d2f026264a6b3eacec1b2dc21f507b210b,REVIEWED_CORRECTED,"[""cap.shuffle"",""cap.mana_ability"",""cap.search_library"",""cap.mana_production""]"
phantom_premonition:line-77,Phantom Premonition,aa6723a2-75da-49f5-a1ba-cbfa82c55301,6dd34e3963c0d8c154cee5f844efd55724d0c4b64225d4338059ef04feaac1a6,REVIEWED_CORRECTED,"[""cap.counters"",""cap.mana_ability"",""cap.mana_production""]"
phantom_premonition:line-78,Phantom Premonition,bc71ebf6-2056-41f7-be35-b2e5c34afa99,37a634da6d2df7ebdad326af9e2e24f116d85328d5137cfe67585223b2ebe0b2,REVIEWED_CONFIRMED,"[""cap.land_zone"",""cap.mana_source"",""cap.ordered_library_card""]"
phantom_premonition:line-79,Phantom Premonition,73b3e242-075d-4c4d-9b09-6fef1633c348,04f5e4daab40018f09ec25544872c0e815bbdeeab41ce20fdacd31a3e24c21fc,REVIEWED_CORRECTED,"[""cap.life"",""cap.trigger"",""cap.mana_ability"",""cap.mana_production""]"
phantom_premonition:line-80,Phantom Premonition,5d641bf6-0f93-4189-8dc1-ec7ea446dade,62c6b0b49277859502ba32e009ae6bb5fbeff649a1b4dca389cc6a42b0a4e774,REVIEWED_CORRECTED,"[""cap.life"",""cap.trigger"",""cap.mana_ability"",""cap.mana_production""]"
token_triumph:line-4,Token Triumph,c65ba242-3369-48a9-864f-1b1f85238f67,f1980a63bafe7e76020bca504757c41fa1b4853986207122b39c3afe493639d6,REVIEWED_CONFIRMED,"[""cap.trigger"",""cap.tap_event"",""cap.token_creation""]"
token_triumph:line-5,Token Triumph,1d5ff280-7f4d-4801-aefd-9b6e6b1f2818,e70bfd02e876ab7b269b19470251f6f2e1eb9790078b45026c1e715262592bbf,REVIEWED_CONFIRMED,"[""cap.counters"",""cap.planeswalker"",""cap.loyalty_counters"",""cap.loyalty_activation_rules"",""cap.life_scaled_token_creation"",""cap.temporary_flying_double_strike""]"
token_triumph:line-6,Token Triumph,3ac01298-e45b-4ea0-8379-2074279716a4,c0512289724bee0005cf73d07e939dca5afc65893327a3bc60f9d222f101ec80,REVIEWED_CORRECTED,"[""cap.destroy"",""cap.mass_destruction""]"
token_triumph:line-7,Token Triumph,979a5d92-1c67-4fa4-b932-638b0cc1adcd,35bf1f6d5daff374f46cc573398cc55005425ef901158b1e18e9008584ff907f,REVIEWED_CORRECTED,"[""cap.continuous_pt""]"
token_triumph:line-8,Token Triumph,d7a38484-2acc-49a6-b32d-d54dddb14d31,748f1a91c65eb2f42c379fd01ba740d3b04c3bc21297638f2a4551f03e25707f,REVIEWED_CORRECTED,"[""cap.draw"",""cap.life"",""cap.trigger"",""cap.token_creation"",""cap.mass_token_creation""]"
token_triumph:line-9,Token Triumph,b989279c-665d-4f15-afc1-adf3872a4851,60ce6136f65a03649307ce665535f70f368c0d5acaea40b808885ceb47bb96f7,REVIEWED_CORRECTED,"[""cap.flash"",""cap.continuous_pt""]"
token_triumph:line-10,Token Triumph,16629f59-bae8-4c19-bf50-443eb0ed6856,47a558064876e41fe861a42bd36a324b1332d2c16d82197d918081e943ba7e8d,REVIEWED_CONFIRMED,"[""cap.landfall"",""cap.mode_choice"",""cap.token_or_counters""]"
token_triumph:line-11,Token Triumph,3bc13640-03f8-4b19-b0a4-7e7cb5271c0c,0f1d2251452963719e6666dea7bd6ebe0356b3cb6208dd5269d08640b4b7b376,REVIEWED_CONFIRMED,"[""cap.convoke"",""cap.token_exception"",""cap.mass_destruction""]"
token_triumph:line-12,Token Triumph,b9f4f96b-6e54-4fe6-8df7-623e0fc72409,e8004261438a9f57fe4b99a9fb5f83b5a0c62dad7266a6077bca938715b5472b,REVIEWED_CORRECTED,"[""cap.draw"",""cap.trigger""]"
token_triumph:line-13,Token Triumph,ea4a9299-c2b3-4092-89dd-28142b203d60,be198357e5a9e38c117ca3848a0b7c62ed875202b2c9fdf2bf6981cee224183d,REVIEWED_CONFIRMED,"[""cap.shuffle_self"",""cap.token_creation"",""cap.choice_number_x""]"
token_triumph:line-14,Token Triumph,c549b0fd-1e08-4873-952e-a14dc45a0fd2,09de28b634ec098acad263d5ae1b0129a31e56468952baed43c97e3cb4e896ec,REVIEWED_CORRECTED,"[""cap.trigger"",""cap.counters""]"
token_triumph:line-15,Token Triumph,f67df84f-667e-41cf-80f9-911abafe70ac,a4ac34b5ce809746f99054da4e99bd3a2911e647f264a60c8e8238f66e194085,REVIEWED_CORRECTED,"[""cap.mana_ability"",""cap.mana_production"",""cap.grant_activated_ability""]"
token_triumph:line-16,Token Triumph,38abf769-e4ef-4b47-9c79-c8cda0b90f6c,7d5d90f452dd10dc7f356a5e2593c83cb2be923d2c2be9ec960c5184882b4fc9,REVIEWED_CORRECTED,"[""cap.draw""]"
token_triumph:line-17,Token Triumph,ec6d52f9-1c8f-48da-951c-be8d7813c7be,4af4595d72f8a3dad287070d31b45dbf88ab21f64ad00893e396b3c2911afbb0,REVIEWED_CONFIRMED,"[""cap.shuffle"",""cap.count_tapped"",""cap.search_library""]"
token_triumph:line-18,Token Triumph,123d2b6e-114e-4767-860d-50790382ca4a,89af4165664c510ad034b8764c363640df4010268370e4d8e5362cb83e11cf3d,REVIEWED_CONFIRMED,"[""cap.deathtouch"",""cap.damage_trigger"",""cap.scaled_token_creation""]"
token_triumph:line-19,Token Triumph,3b1f8108-6911-49e9-8f78-f950bb58cb6c,a1d0dd897efdf1933a523d9cbaa3068e4d613a700a1645c36899c787e796080e,REVIEWED_CORRECTED,"[""cap.trigger"",""cap.deathtouch"",""cap.token_creation"",""cap.mass_token_creation""]"
token_triumph:line-20,Token Triumph,761021ce-4559-464e-aa03-85c2fe78e267,0a94cc31d76e4baa065c3a15c17a213b934f99318b7a4bd92f83a4b35b44179b,REVIEWED_CONFIRMED,"[""cap.counters"",""cap.continuous_ability"",""cap.grant_mana_ability""]"
token_triumph:line-21,Token Triumph,1ff25f67-36a7-4cfa-a2b1-2135b5b6fb67,3513065b1b90d6192b3826e084832f542e5cb9650f5327f70d2786eceaec6ab6,REVIEWED_CORRECTED,"[""cap.life"",""cap.exile"",""cap.target"",""cap.counters"",""cap.graveyard""]"
token_triumph:line-22,Token Triumph,f55334d9-1ec2-4667-bf28-5a0384d6f053,7ea9265b24ef7b3bd1fd4b5c9e8a925118a1813af1f8119651e80b3a1f7008f1,REVIEWED_CORRECTED,"[""cap.continuous_pt""]"
token_triumph:line-23,Token Triumph,7a21ea22-3cd7-4c11-8895-5943c0d93a0d,7a0fbda26db364711a7fa28d8d3fe5e65f48896b30ded95f5bd360a12e7a9949,REVIEWED_CORRECTED,"[""cap.trigger"",""cap.token_creation"",""cap.upkeep_trigger"",""cap.mass_token_creation""]"
token_triumph:line-24,Token Triumph,19bb51dd-2b93-45f0-927d-bbafddadd0a3,f66569217563d00bf2528339b10d5e42befbac685efd3a0f36c179846738dca4,REVIEWED_CORRECTED,"[""cap.target"",""cap.destroy"",""cap.token_creation"",""cap.choice_number_x"",""cap.mass_token_creation"",""cap.scaled_token_creation""]"
token_triumph:line-25,Token Triumph,9aab386c-d48c-4611-b757-aa69b26cc1b1,f63ad7cd8be9d64becd1145649d3c6a15870c8589edec0d148f39aa3a360d13f,REVIEWED_CORRECTED,"[""cap.draw"",""cap.life"",""cap.continuous_pt"",""cap.choice_number_x""]"
token_triumph:line-26,Token Triumph,7f7049e8-49ed-46da-89f7-1e40aefb3b0c,16471a8b60e2bd62bfde3e828c276a0082c03e8b3d41c87ac828eeafe9c5be0b,REVIEWED_CORRECTED,"[""cap.continuous_pt""]"
token_triumph:line-27,Token Triumph,c0516c2c-d7c9-4763-9180-980f60205a28,d25f09f839b1fba5b6b478fd195149cb13966dd5d3fb144a747568183c63f569,REVIEWED_CORRECTED,"[""cap.indestructible_until_eot""]"
token_triumph:line-28,Token Triumph,0c26ab0d-80f6-4e5b-9d0e-af17c1519583,cd952bfa584e14d326b5322f014bc62ad0f2995ffafcaaa05574c6f09a985c63,REVIEWED_CONFIRMED,"[""cap.convoke"",""cap.token_creation"",""cap.choice_number_x""]"
token_triumph:line-29,Token Triumph,9a2fdc0e-e0de-47fc-95e4-04e725ddf060,4af2a3c20e28787ee701ba1d126a4a5883edfecf9b97285c2f898bf1c863037a,REVIEWED_CONFIRMED,"[""cap.static_team_pt"",""cap.token_creation"",""cap.end_step_trigger"",""cap.bounded_control_restoration"",""cap.owner_controller_separation""]"
token_triumph:line-30,Token Triumph,c232d974-9c65-4bce-b045-e5a7cc0c62e0,a3be3e12881455e8863c9914cf3d7bc39bf14c339abfbc78c94d0b84184229d9,REVIEWED_CORRECTED,"[""cap.draw"",""cap.token_creation"",""cap.artifact_permanent"",""cap.mass_token_creation""]"
token_triumph:line-31,Token Triumph,a07483b4-c04f-42a4-b979-8b77c11fa8f5,b094060cb97ecf6570a6d4d3e15cc32affadfa80572cf52022ff3cfc57d91680,REVIEWED_CORRECTED,"[""cap.discard_cost"",""cap.draw_discard"",""cap.artifact_permanent""]"
token_triumph:line-32,Token Triumph,dcb7e046-f01b-497c-88e5-57794eb30ce5,f2264c3cd37e2ed0fae33290281669d504d326b7be0845839d849b78bf10c09d,REVIEWED_CORRECTED,"[""cap.mana_ability"",""cap.mana_production""]"
token_triumph:line-33,Token Triumph,56f1a16a-9f41-41fb-b580-c200bca27cd6,e2b8b655297552da59adcdb4f447708e8d6cbe6f4db93d105620cc41da0999af,REVIEWED_CORRECTED,"[""cap.reveal"",""cap.mana_ability"",""cap.mana_production""]"
token_triumph:line-34,Token Triumph,e521322b-0e83-458c-8936-7021a80ee279,0ab7fd3bded51ce033845618b45d446a13a9c7a39235300881f69e87e76550d9,REVIEWED_CORRECTED,"[""cap.scry"",""cap.trigger"",""cap.bottom_order"",""cap.mana_ability"",""cap.mana_production""]"
token_triumph:line-35,Token Triumph,e938ee4c-d5df-4d93-bd61-9e518fb1dc30,c00f70c5e9e96ac11c6b159a981bee763a3d9f80d0525c83ca8b9ab29ef94417,REVIEWED_CONFIRMED,"[""cap.target"",""cap.convoke"",""cap.linked_exile_return""]"
token_triumph:line-36,Token Triumph,5334dc24-040e-4094-80f4-8d1b9de01230,8c12bfdf8533208aea1737d85a7877c6489d16595220d14c8b9957f1889326a3,REVIEWED_CONFIRMED,"[""cap.target"",""cap.convoke"",""cap.conditional_exile""]"
token_triumph:line-37,Token Triumph,d683d985-9888-4d21-8b5f-69e69ce4a03b,56437dbac039f715edd8c9f79b883776215b5c2d2adf10c49ec85603246e344b,REVIEWED_CORRECTED,"[""cap.exile"",""cap.target"",""cap.shuffle"",""cap.search_library""]"
token_triumph:line-38,Token Triumph,04046ae4-5c51-434b-930c-f3b1d348bf4b,d5fc96bb17bcbfebc9b65c984d2cabdb5df1b44d290fe83af334c48d3c695dab,REVIEWED_CONFIRMED,"[""cap.token_creation"",""cap.populate_token_copy"",""cap.copiable_token_values"",""cap.indestructible_until_eot""]"
token_triumph:line-39,Token Triumph,56a60fcb-f9b7-438f-9221-eaca8fb2649b,934bb627b1ad8966dcc4c4a3a7fb0ef5687fff6bfe3f515d0d7bbc162da3f658,REVIEWED_CORRECTED,"[""cap.trigger"",""cap.continuous_pt""]"
token_triumph:line-40,Token Triumph,069f6530-e65c-4d52-85f3-e0a2acd148c5,e8d6f2f071dc2b8583b5196800d2690f9ff907661616480cbf40693670d4fa7f,REVIEWED_CORRECTED,"[""cap.mana_ability"",""cap.mana_production""]"
token_triumph:line-41,Token Triumph,b6689782-08d8-48e1-a05d-cd040dfe85bc,a8ea79e9885decedadcc96400b7861d7baa5c1eca958578dd1d086c829eebc72,REVIEWED_CONFIRMED,"[""cap.aura_curse"",""cap.combat_trigger"",""cap.multiplayer_wording""]"
token_triumph:line-42,Token Triumph,30b24e8e-3b0e-4d8e-90f3-f66eb7c1858c,1bc05b846de605776cc10290a171a35b3f71b32d686c67ebb63721b093951d74,REVIEWED_CORRECTED,"[""cap.target"",""cap.trigger"",""cap.graveyard"",""cap.graveyard_return""]"
token_triumph:line-43,Token Triumph,4ce2357f-93e6-40ca-beca-8f4e15adc464,75a05088bade295ebd89e5b1ab343f74f7b14a0d5a673895d75b985a8c4cd91b,REVIEWED_CORRECTED,"[""cap.shuffle"",""cap.trigger"",""cap.search_library""]"
token_triumph:line-44,Token Triumph,5dba7746-c087-4ec1-92ca-ab9882dea24d,a20501a4854149dfff4eb483e607824d52e6bddbf247ee39d6f120df9901bb53,REVIEWED_CORRECTED,"[""cap.flash"",""cap.target"",""cap.trigger""]"
token_triumph:line-45,Token Triumph,7eff84f1-f772-497a-b350-bbc93d0230f7,4e55e5b10e3549b925e7a5d9a66e5c9dcc9faa70226a60d0014eda505d22f47b,REVIEWED_CORRECTED,"[""cap.draw""]"
token_triumph:line-46,Token Triumph,6daf3c59-7636-4d44-872b-67722b4868cb,e37ddb98a205695d2abace756a154f52abd7f14200d3614db82239aaba38ef1f,REVIEWED_CORRECTED,"[""cap.token_creation"",""cap.mass_token_creation""]"
token_triumph:line-47,Token Triumph,e2f98813-4f39-4135-b05b-407e9eb797f6,11f21b981956c107b243f66c5e8875ba852370a642c5ab8ec567453d6dd3a60b,REVIEWED_CORRECTED,"[""cap.mana_production""]"
token_triumph:line-48,Token Triumph,fc3e48c9-e303-435c-bdb1-7dc7881a9858,3dc5492071cf6763ee13fd0f95e3d871d48d8080df5190c57f446b4df780a0bd,REVIEWED_CONFIRMED,"[""cap.aura"",""cap.draw_trigger"",""cap.grant_activated_ability""]"
token_triumph:line-49,Token Triumph,55eb9310-f24b-410b-850b-a7d0d5117946,c2521af961a7f1975e030106a56b8b39bc968a3cb31b26c29d360b079488c53d,REVIEWED_CORRECTED,"[""cap.mana_ability"",""cap.mana_production"",""cap.replacement_effect""]"
token_triumph:line-50,Token Triumph,de1cfa83-2049-48ab-b093-2f120a3ef4f2,f20d9770de5dd1b28302f596a1929ba101037671f2eeb98c29c927df7a6cc1e0,REVIEWED_CORRECTED,"[""cap.trigger"",""cap.counters""]"
token_triumph:line-51,Token Triumph,653010bc-45af-427e-a294-e0cc28d31821,e2796232eb7c5a1bca6956bfb1bfc9e6c9870b7332c10226b09fb8432e6e006f,REVIEWED_CORRECTED,"[""cap.convoke"",""cap.shuffle"",""cap.search_library""]"
token_triumph:line-52,Token Triumph,4dcfd397-9d29-420c-8fd8-c7c2a99de122,35f9d50ae5a996e401b35daaa61b353883406395e454955660205efec77bb6b1,REVIEWED_CORRECTED,"[""cap.target"",""cap.destroy""]"
token_triumph:line-53,Token Triumph,204f9afe-c20b-4933-b5cd-aa572784762a,16f61dbbe4ba777f56a7e96baef143c1a033aa2bd56d7dff04a62c54f7c9d6b1,REVIEWED_CORRECTED,"[""cap.damage"",""cap.continuous_pt"",""cap.combat_damage_trigger""]"
token_triumph:line-54,Token Triumph,9ba89c25-5302-414f-a2ec-436b8981999d,7b89f9aad1032e8a2806ece1e212f8d36a1577941f1ab629ac9103f7d17b8fe8,REVIEWED_CORRECTED,"[""cap.draw"",""cap.trigger"",""cap.attack_trigger""]"
token_triumph:line-55,Token Triumph,ab42398c-f0a1-4b94-ac5f-b8768e1b4e05,1900bd4d4b0343dcb950b2d58f64450700dff87aaebfac5122789e95f97000bd,REVIEWED_CONFIRMED,"[""cap.aura"",""cap.token_creation"",""cap.grant_activated_ability""]"
token_triumph:line-56,Token Triumph,032ec6e2-6cc3-4a97-9cc7-3233f5e11904,83f1856fb88a5f0fdda33c0c272956aa7ee171f5aa0507a8441939de3ba832cd,REVIEWED_CORRECTED,"[""cap.target"",""cap.destroy"",""cap.trigger""]"
token_triumph:line-57,Token Triumph,c17d5153-cc74-4fbb-9d75-f7ee7b557b0a,623a64e837a56b9f76506c269de3bf04a21dba8ae18c3490c85c11ffbc99298e,REVIEWED_CORRECTED,"[""cap.convoke"",""cap.token_creation"",""cap.mass_token_creation""]"
token_triumph:line-58,Token Triumph,1be56a3d-a6c0-4b65-ae71-3d90ceefc6c0,8dd2154bb464d5aec99e5602d9bfde0bb3a8794bb91ed6d9a5cb6e9a51758837,REVIEWED_CORRECTED,"[""cap.trigger"",""cap.landfall"",""cap.token_creation"",""cap.mass_token_creation""]"
token_triumph:line-59,Token Triumph,9b40faad-1b96-4461-89d8-9a207b58e832,ead1b36c4c8d140e303a0047b9f97df604f158563752304168d27e24215b7800,REVIEWED_CORRECTED,"[""cap.draw"",""cap.trigger""]"
token_triumph:line-60,Token Triumph,0a2075b5-9609-433d-bcd2-e0a637456cf8,3875ee4e429cc90350a8a44ec41086279b36d8c1b9a2b5e8ecb8a78b5ff91c38,REVIEWED_CORRECTED,"[""cap.trigger"",""cap.landfall"",""cap.continuous_pt"",""cap.token_creation"",""cap.mass_token_creation""]"
token_triumph:line-61,Token Triumph,4a2fea39-99d6-4766-9f2c-0a63925349cb,74e1c97c4ad915a78c459355fafbca0497b9e1f1e12a10832590c6c62c7a4765,REVIEWED_CORRECTED,"[""cap.token_creation"",""cap.mass_token_creation""]"
token_triumph:line-62,Token Triumph,8fbdca3a-7aa3-4b5a-98d7-9168856045ac,d1bdd0fc6fabea3544f4fa589a02f6327e0337da90e5e276b1b4acb448de08a7,REVIEWED_CORRECTED,"[""cap.continuous_pt"",""cap.token_creation"",""cap.mass_token_creation""]"
token_triumph:line-63,Token Triumph,aeec8e85-6571-4da6-8a48-f5d3985ca10b,92c25c358504a7b10ad81c70946444d2e34e3c19071f826949740ad5e035fad1,REVIEWED_CORRECTED,"[""cap.exile"",""cap.reveal"",""cap.target"",""cap.shuffle"",""cap.discard_cost"",""cap.multi_target"",""cap.search_library""]"
token_triumph:line-64,Token Triumph,0bc7f093-bef0-4f1a-852c-4b75ebf54838,09209dc1329df1b377fe35d8499b93f7427a55327be4cbe9091916cb676b97e7,REVIEWED_CONFIRMED,"[""cap.activation_cost"",""cap.mana_production"",""cap.artifact_permanent""]"
token_triumph:line-65,Token Triumph,0b67c4e2-f88b-4e01-85a1-9d5f5b8db13b,d7de87f737c2930dcb3fbef735064c7f80f9f5d74ab82c97bfde08a9b5e09b07,REVIEWED_CONFIRMED,"[""cap.activation_cost"",""cap.mana_production"",""cap.artifact_permanent""]"
token_triumph:line-66,Token Triumph,6ad8011d-3471-4369-9d68-b264cc027487,0edfee8a26567805c343d1bda8704c50b666f997b3413b1acb30bd250fda4949,REVIEWED_CONFIRMED,"[""cap.activation_cost"",""cap.mana_production"",""cap.artifact_permanent""]"
token_triumph:line-67,Token Triumph,e5fcc5d7-6a60-4a5b-9d02-6c30041a95b9,720751c56a1a51c8b557fc2f002070a8136f02141734d5669bd2fcb8b4ff7590,REVIEWED_CONFIRMED,"[""cap.activation_cost"",""cap.mana_production"",""cap.artifact_permanent""]"
token_triumph:line-68,Token Triumph,45429b2c-be3b-4b2e-9bab-a059ccbda8cd,92cf02d648d299cbaccf9e38ed2dee7dd845c08d199b069dbf47cfbb17ac5d84,REVIEWED_CORRECTED,"[""cap.life"",""cap.trigger"",""cap.mana_ability"",""cap.mana_production""]"
token_triumph:line-69,Token Triumph,0895c9b7-ae7d-4bb3-af17-3b75deb50a25,feeadba75b0cae107bc0fcde9bb70aa3beb14b669a7d2db7da8a769bb0df9364,REVIEWED_CORRECTED,"[""cap.mana_ability"",""cap.mana_production""]"
token_triumph:line-70,Token Triumph,cade8b94-2998-4d23-87bb-9fbdddd19dea,9f20e9f4d245778272687e82265aa2f08586a2a87bcb0cd3a11d327c5b88262b,REVIEWED_CORRECTED,"[""cap.mana_ability"",""cap.mana_production""]"
token_triumph:line-71,Token Triumph,60b36821-0fad-423c-98c4-f64d991719f3,d22f67f7131e4fb7d3a489c1476b54566ec7efe94c2bbb9fde54ba1f06c88b66,REVIEWED_CORRECTED,"[""cap.life"",""cap.trigger"",""cap.mana_ability"",""cap.mana_production""]"
token_triumph:line-72,Token Triumph,e6b77545-de5c-4f4a-b7ea-83498fb33ba8,9364eb6e11c8b2fd75c87a5126d11876b9b31cdd956e50ed90ae28a0e7185c6a,REVIEWED_CONFIRMED,"[""cap.mana_ability"",""cap.tap_another_creature_cost""]"
token_triumph:line-73,Token Triumph,a5478263-47c9-447f-9c7a-c77ce0752947,18f4c89cfa4f687a4354e57740f08e3549c7d75cdd8bcea771372a1a2cdcf338,REVIEWED_CORRECTED,"[""cap.mana_ability"",""cap.mana_production""]"
token_triumph:line-74,Token Triumph,88fb9e82-28b9-4275-a1e2-cb3a9bfda127,9df92594966c9e36bfeb7490ce37a47ebb1a048420fc650a22e21ad4290d7948,REVIEWED_CORRECTED,"[""cap.mana_ability"",""cap.token_creation"",""cap.mana_production"",""cap.mass_token_creation""]"
token_triumph:line-75,Token Triumph,b34bb2dc-c1af-4d77-b0b3-a0fb342a5fc6,606c8a0bc12c616ed104857e3d3fd304ae6f797e6f5d12eb79f724c46dca5f15,REVIEWED_CONFIRMED,"[""cap.land_zone"",""cap.mana_source"",""cap.ordered_library_card""]"
token_triumph:line-76,Token Triumph,bc71ebf6-2056-41f7-be35-b2e5c34afa99,37a634da6d2df7ebdad326af9e2e24f116d85328d5137cfe67585223b2ebe0b2,REVIEWED_CONFIRMED,"[""cap.land_zone"",""cap.mana_source"",""cap.ordered_library_card""]"
upgrades_unleashed:line-4,Upgrades Unleashed,c98a4af3-3e58-4927-9a60-d2664cf0b139,069894a7f20c25eadb0cfdc4511b77dfb838800ef18d3b954a354414760f8b08,REVIEWED_CONFIRMED,"[""cap.counters"",""cap.token_creation"",""cap.modified_predicate"",""cap.aura_equipment_etb_trigger""]"
upgrades_unleashed:line-5,Upgrades Unleashed,3d8f9b58-d011-4ed2-99ae-c626243fab26,e0b3c5daf6b6bcd356a1e2dbe68f2ee8080bdc85c476c78029d14365514562db,REVIEWED_CONFIRMED,"[""cap.goad"",""cap.modified"",""cap.attack_trigger"",""cap.opponent_attachment""]"
upgrades_unleashed:line-6,Upgrades Unleashed,22113051-c971-4108-953b-95356d21323a,ea3597ac690ea7f96185d90684fdb54d45b5d62ed4de93e26c8b5111473aeb61,REVIEWED_CORRECTED,"[""cap.exile"",""cap.trigger"",""cap.counters"",""cap.graveyard"",""cap.draw_discard""]"
upgrades_unleashed:line-7,Upgrades Unleashed,5bd81d2f-46a1-4536-92e7-28c7e1892735,13ef38c5e44f2aca8e71f0ff33d2665d042f3b5104553b532268b990b438e9ba,REVIEWED_CONFIRMED,"[""cap.extra_combat"",""cap.attack_trigger"",""cap.phase_insertion"",""cap.modified_predicate""]"
upgrades_unleashed:line-8,Upgrades Unleashed,ecfabd06-c059-4f3d-9e5f-587364033cac,d770295d8e7e455644ea1043fa078fa880bf2f777ca78ff8b13503ae5930b1e8,REVIEWED_CORRECTED,"[""cap.exile"",""cap.target"",""cap.trigger"",""cap.counters"",""cap.equipment"",""cap.attack_trigger""]"
upgrades_unleashed:line-9,Upgrades Unleashed,5e4d69de-1876-49a8-8ec6-a891d4a84ccf,3d28f6fe162a1a4b7b1f03b3b22d00cdf7a644c1c1e9d9af4e689c727eb14154,REVIEWED_CONFIRMED,"[""cap.goad"",""cap.attachment"",""cap.reconfigure"",""cap.type_transition"",""cap.combat_damage_trigger""]"
upgrades_unleashed:line-10,Upgrades Unleashed,8b9918c3-1135-4c63-991f-f0a38340a33b,ac73032c22d656fd58575926662bd8f5830a87930fa9676f453f706e6ef3af8e,REVIEWED_CORRECTED,"[""cap.trigger"",""cap.counters"",""cap.upkeep_trigger"",""cap.choice_number_x""]"
upgrades_unleashed:line-11,Upgrades Unleashed,41f7e725-bdb8-4c3a-adc7-a8184ec7c394,c288f0a0fe64a22d9575438b347f3bc69c72e2846bd52c13f94db92fb6382873,REVIEWED_CONFIRMED,"[""cap.draw"",""cap.damage_fanout"",""cap.combat_damage_trigger"",""cap.conditional_modified_state""]"
upgrades_unleashed:line-12,Upgrades Unleashed,b5f5d6e3-e72e-40a5-a5c7-410617b6f933,ae153e27271970cdb2186731d1f05727dada5a24d715fb6d89c60d80c3039441,REVIEWED_CORRECTED,"[""cap.shuffle"",""cap.trigger"",""cap.counters"",""cap.death_trigger"",""cap.search_library"",""cap.choice_number_x""]"
upgrades_unleashed:line-13,Upgrades Unleashed,4d1c7f42-19ef-405e-9edc-50a81b78f97c,d9d04bd37257bce8f18c74cab39b753563d23e3e21ad80e7a84fa64f94a8726d,REVIEWED_CONFIRMED,"[""cap.attachment"",""cap.attack_mana"",""cap.reconfigure"",""cap.type_transition""]"
upgrades_unleashed:line-14,Upgrades Unleashed,53e39011-3d77-4883-9c8e-4707f6fc5c47,065b84784f8934bf51555a8920088919e3c31c8405b5bbf1fbe6e2008873f920,REVIEWED_CORRECTED,"[""cap.equipment"",""cap.mana_ability"",""cap.mana_production"",""cap.grant_activated_ability""]"
upgrades_unleashed:line-15,Upgrades Unleashed,28bb9a58-f45a-4452-a1f4-c7609373085f,287571741bf3553c6d2807af9e846238c5d1d31b923f02abd3ddfc2546186697,REVIEWED_CORRECTED,"[""cap.draw"",""cap.target"",""cap.trigger"",""cap.counters"",""cap.equipment"",""cap.artifact_permanent""]"
upgrades_unleashed:line-16,Upgrades Unleashed,90c763b9-6173-46ff-b31c-7dcafc774170,02828b98ecee4ad1c05018c333644ca10e16d6db71422ec4e8bdc2f200bf4973,REVIEWED_CONFIRMED,"[""cap.conditional_hexproof"",""cap.modified_count_cost_reduction""]"
upgrades_unleashed:line-17,Upgrades Unleashed,abe377f8-35f0-4dea-a681-91d31a36815c,06c53aeebfa3d7defdbb87c74923d8ec035b602abdb9fd772ad1da05fd077c49,REVIEWED_CORRECTED,"[""cap.goad"",""cap.trigger"",""cap.counters"",""cap.attack_trigger"",""cap.end_step_trigger""]"
upgrades_unleashed:line-18,Upgrades Unleashed,7b3e05e1-31b4-46af-b3d0-f2467f8551e9,602873cbe353923c70ac367e9eac0c72691e042fa28ea47889f7961bd004e3fc,REVIEWED_CORRECTED,"[""cap.damage"",""cap.target"",""cap.trigger"",""cap.counters"",""cap.choice_number_x"",""cap.end_step_trigger""]"
upgrades_unleashed:line-19,Upgrades Unleashed,e8065e1d-e937-4b56-8011-78f0d07328a0,37dd3cba7efcd8f5505a7592d99978db2100ac482dc70bb7686188d95106a026,REVIEWED_CORRECTED,"[""cap.tribal"",""cap.trigger"",""cap.counters"",""cap.attack_trigger"",""cap.token_creation"",""cap.choice_number_x"",""cap.mass_token_creation"",""cap.scaled_token_creation""]"
upgrades_unleashed:line-20,Upgrades Unleashed,fd5ee26c-cc54-4dc0-b611-5cda14354a5e,f418d8e8ec289c99a7f820e761ddd360bc68bff60caf008128b078862646d083,REVIEWED_CORRECTED,"[""cap.tribal"",""cap.trigger"",""cap.counters""]"
upgrades_unleashed:line-21,Upgrades Unleashed,21f45043-5419-4019-8b6c-e5294bd5f549,6dfaaa9ec7200fe7eb286fb7b202db855978ca8545fa086bebc120ed4eae4253,REVIEWED_CORRECTED,"[""cap.target"",""cap.destroy"",""cap.trigger"",""cap.deathtouch""]"
upgrades_unleashed:line-22,Upgrades Unleashed,c549b0fd-1e08-4873-952e-a14dc45a0fd2,09de28b634ec098acad263d5ae1b0129a31e56468952baed43c97e3cb4e896ec,REVIEWED_CORRECTED,"[""cap.trigger"",""cap.counters""]"
upgrades_unleashed:line-23,Upgrades Unleashed,21f1c6d7-8289-44b2-b88f-c09e202be200,d016e25641938a820142443b21cb2c2b82c9e2fbe5814ace6dbc70bc07c661b6,REVIEWED_CORRECTED,"[""cap.target"",""cap.counters""]"
upgrades_unleashed:line-24,Upgrades Unleashed,2ef75cf3-30dc-4852-a6d1-1d6391fad022,260d924256fb4a69e108f05cb2146aee998d3d5aad377b340b0ee478e5f05cba,REVIEWED_CORRECTED,"[""cap.trigger"",""cap.counters"",""cap.upkeep_trigger"",""cap.choice_number_x""]"
upgrades_unleashed:line-25,Upgrades Unleashed,4345c359-b9d6-43c8-997f-e00746e6e318,62865cc7443101bc6f0eb1a7f52cad888750031cd69fa00a24e61d8c08882e59,REVIEWED_CORRECTED,"[""cap.reveal"",""cap.shuffle"",""cap.trigger"",""cap.counters"",""cap.choice_number_x""]"
upgrades_unleashed:line-26,Upgrades Unleashed,de1cfa83-2049-48ab-b093-2f120a3ef4f2,f20d9770de5dd1b28302f596a1929ba101037671f2eeb98c29c927df7a6cc1e0,REVIEWED_CORRECTED,"[""cap.trigger"",""cap.counters""]"
upgrades_unleashed:line-27,Upgrades Unleashed,a9581345-87dc-4fbd-acc1-bb629f2cf40f,b2c7bb13327737b17b0c164a5713d4d41d9a12e0c6798963bde206dd3f113db5,REVIEWED_CORRECTED,"[""cap.trigger"",""cap.counters""]"
upgrades_unleashed:line-28,Upgrades Unleashed,761021ce-4559-464e-aa03-85c2fe78e267,0a94cc31d76e4baa065c3a15c17a213b934f99318b7a4bd92f83a4b35b44179b,REVIEWED_CONFIRMED,"[""cap.counters"",""cap.continuous_ability"",""cap.grant_mana_ability""]"
upgrades_unleashed:line-29,Upgrades Unleashed,e3afc704-220f-498f-9eaa-0821b17dc24c,61c456a4d59bafa5c1bab396b16c147bcebdf56ac0d84223c6a390408da83e62,REVIEWED_CORRECTED,"[""cap.shuffle"",""cap.search_library""]"
upgrades_unleashed:line-30,Upgrades Unleashed,025f8db8-11d1-4c59-8e1f-004c9c843fd8,76a48d646d2d8a9368c4bfb9c7ac538e084b8b8164e864fb51c6dedb5bff10eb,REVIEWED_CORRECTED,"[""cap.target"",""cap.indestructible_until_eot""]"
upgrades_unleashed:line-31,Upgrades Unleashed,53d5d961-d6a3-49b1-b335-2c2b49972008,b6b322ea957f90ee905cc4a65e5c7c9d77227b37729b25a3687d2f794c2dcb45,REVIEWED_CORRECTED,"[""cap.destroy"",""cap.trigger"",""cap.counters"",""cap.mass_destruction""]"
upgrades_unleashed:line-32,Upgrades Unleashed,fa4afcf7-9cf7-4f67-95b9-1f7fe66bf332,27ace09f9a5585780e563ff0e873538eb2f68a7b5fd6b43e3305a363b882eaed,REVIEWED_CORRECTED,"[""cap.counters""]"
upgrades_unleashed:line-33,Upgrades Unleashed,796f1e1f-7fec-429d-82ae-125f541d6cc7,5979d2d2dcc69e98f5eb7c1a895e0c2f97a7c667ea422975482a1f292f02a854,REVIEWED_CORRECTED,"[""cap.damage"",""cap.target"",""cap.counters"",""cap.mode_choice"",""cap.token_creation"",""cap.token_or_counters"",""cap.mass_token_creation""]"
upgrades_unleashed:line-34,Upgrades Unleashed,40cbf2c0-041a-44df-a775-580012caab67,cb245ba2b699bb81ed585254964fca757f31089171e416ee5ebec311b0918f6e,REVIEWED_CONFIRMED,"[""cap.reveal"",""cap.bottom_order"",""cap.put_battlefield"",""cap.mass_library_traversal""]"
upgrades_unleashed:line-35,Upgrades Unleashed,8fef58ff-4743-4065-9df0-c5edf9aa2502,2b2d6696b1363d989fa882d308562435d8841ee8d236bda7725342fec2f035c9,REVIEWED_CONFIRMED,"[""cap.treasure"",""cap.aura_token"",""cap.multi_target"",""cap.choice_number_x"",""cap.linked_death_trigger""]"
upgrades_unleashed:line-36,Upgrades Unleashed,086b2564-9114-4ba2-94fd-b490f98f38a7,058c189bcc394798be58dac9dc5d22901ab8ea4ea2f22a310af8d853eb705174,REVIEWED_CORRECTED,"[""cap.damage"",""cap.choice_number_x""]"
upgrades_unleashed:line-37,Upgrades Unleashed,1593ea18-2f2f-4ab4-83fb-6ccc0bec8a90,b0968d7cd32e12d343fa751c322dff2afcd0f5e51b51fac5218a9fe0939ad481,REVIEWED_CORRECTED,"[""cap.reveal"",""cap.shuffle"",""cap.search_library""]"
upgrades_unleashed:line-38,Upgrades Unleashed,8539f295-5d58-4436-a73a-b9277c4c7795,fae5a824bdb237aaa636e86fe50494d94ac515015a7166aeb9214346edfb3872,REVIEWED_CORRECTED,"[""cap.shuffle"",""cap.search_library""]"
upgrades_unleashed:line-39,Upgrades Unleashed,97407cd0-2bd2-4074-94d3-4ec3d243fa78,5332551b23e6d87bd338c4c2e0d6609079f3a6c8ba6df8d2645c1a0ff8ac3291,REVIEWED_CORRECTED,"[""cap.draw""]"
upgrades_unleashed:line-40,Upgrades Unleashed,d1d171de-1c6d-4fb9-817a-9c689c709f3d,b76d195472ed8e5fa6ea363557089f07becbfc9b1a6b029c51e1b368ad9228b5,REVIEWED_CORRECTED,"[""cap.draw"",""cap.life""]"
upgrades_unleashed:line-41,Upgrades Unleashed,50fd4cf3-c347-4eb9-ab15-a9b0c5ea8b0f,85bc4af7f7899bac45630358b5e44ce98201181d61286059212a75a8d594dcc0,REVIEWED_CORRECTED,"[""cap.draw"",""cap.target""]"
upgrades_unleashed:line-42,Upgrades Unleashed,8ba2a7ad-a09b-4f52-9c76-c70510dc4feb,c8f7d153fc4f1f944257224e14e4e557e9b691b9d88b66b310ce947d3dbde28e,REVIEWED_CORRECTED,"[""cap.kicker"",""cap.shuffle"",""cap.counters"",""cap.search_library""]"
upgrades_unleashed:line-43,Upgrades Unleashed,a4e5693f-12a0-451e-818d-d6efc7b4ed25,65507ee0c53d400e2a38bcea8017803fc74cfc469bb800df861f5a78e1611213,REVIEWED_CONFIRMED,"[""cap.all_required"",""cap.four_targets"",""cap.distinct_target_types""]"
upgrades_unleashed:line-44,Upgrades Unleashed,6dbeeb49-55c6-4ceb-94dd-3e4110dff8c0,5aaa31f77dd90acb255222cedb93b07c9d984593c96105741f7e7820b9317b47,REVIEWED_CONFIRMED,"[""cap.counters"",""cap.multi_target"",""cap.choice_number_x"",""cap.temporary_protection""]"
upgrades_unleashed:line-45,Upgrades Unleashed,07a0cba9-8768-4fd9-a3d5-b0f83b4bf8e8,4bef768eb7e72a06ed10068fad1a43bd3e860b322a7dad9b0e1d56d3a40cdf30,REVIEWED_CORRECTED,"[""cap.reveal"",""cap.target""]"
upgrades_unleashed:line-46,Upgrades Unleashed,34d112c3-cc2d-4428-bd7f-568bda61bd30,4a058217babe3c7979973a72f44ff9d398c24082f097bae6e333dc9eace1ccab,REVIEWED_CORRECTED,"[""cap.damage"",""cap.discard_cost"",""cap.draw_discard"",""cap.choice_number_x""]"
upgrades_unleashed:line-47,Upgrades Unleashed,7735eeba-693b-47e2-bd51-414379cf1016,c051d85a816bd121e8463050122ddc46d6239054c2e9d69fec76ed2e14bfac33,REVIEWED_CORRECTED,"[""cap.target"",""cap.destroy""]"
upgrades_unleashed:line-48,Upgrades Unleashed,cf8a0782-f545-445e-abac-d9063dad696b,da03babfd96c79747ce9708f71cc22324ce2ceff444281b2f1a6179910c2aae1,REVIEWED_CORRECTED,"[""cap.draw"",""cap.damage"",""cap.target"",""cap.trigger"",""cap.choice_number_x"",""cap.combat_damage_trigger""]"
upgrades_unleashed:line-49,Upgrades Unleashed,db444262-c40f-4c80-9d14-265c32f77cf1,13016ef28d92d44e6dca8e2c5c9020e7a30a26c450ae4bdff6e16943bbb24d26,REVIEWED_CORRECTED,"[""cap.damage"",""cap.trigger"",""cap.equipment"",""cap.attack_trigger"",""cap.artifact_permanent""]"
upgrades_unleashed:line-50,Upgrades Unleashed,0bc7f093-bef0-4f1a-852c-4b75ebf54838,09209dc1329df1b377fe35d8499b93f7427a55327be4cbe9091916cb676b97e7,REVIEWED_CONFIRMED,"[""cap.activation_cost"",""cap.mana_production"",""cap.artifact_permanent""]"
upgrades_unleashed:line-51,Upgrades Unleashed,dca51281-fb21-45b6-beb4-1f13397caee2,f64d93a137ade27b8c28508feed5e347984781fdaab1df474901863c94bfe202,REVIEWED_CONFIRMED,"[""cap.equipment"",""cap.dynamic_pt"",""cap.commander_dependent_equip_cost""]"
upgrades_unleashed:line-52,Upgrades Unleashed,83c69c05-173d-4c1b-9541-1dde474fef5f,bc28eb73b8e1fb259ce908d51e6a387557263c3076a39372c2c8675ef0ab9b94,REVIEWED_CONFIRMED,"[""cap.equipment"",""cap.dynamic_pt"",""cap.living_weapon"",""cap.graveyard_count""]"
upgrades_unleashed:line-53,Upgrades Unleashed,a02e1ca7-23c5-41e3-a744-72fc9e9dd8ba,0805b0f9957f74f69c905cf3e4985cadfec2aa17cffbabcb572afa7caf8e4afe,REVIEWED_CORRECTED,"[""cap.damage"",""cap.target"",""cap.equipment"",""cap.attachment"",""cap.artifact_permanent"",""cap.combat_damage_trigger""]"
upgrades_unleashed:line-54,Upgrades Unleashed,6ad8011d-3471-4369-9d68-b264cc027487,0edfee8a26567805c343d1bda8704c50b666f997b3413b1acb30bd250fda4949,REVIEWED_CONFIRMED,"[""cap.activation_cost"",""cap.mana_production"",""cap.artifact_permanent""]"
upgrades_unleashed:line-55,Upgrades Unleashed,c8b143ad-43ec-4e0d-a440-e348daa31391,cca3aa148b3a9abd662989237a1827365cdb9e10c005eeaab5e558d11d604cb6,REVIEWED_CORRECTED,"[""cap.target"",""cap.trigger"",""cap.equipment"",""cap.attachment"",""cap.attack_trigger"",""cap.artifact_permanent""]"
upgrades_unleashed:line-56,Upgrades Unleashed,e366afb3-c447-4bde-b358-41c8568142d5,79d757ce617bc30090deb0aa450053bbea398d31714a21be9d344b1308396d54,REVIEWED_CORRECTED,"[""cap.equipment"",""cap.artifact_permanent""]"
upgrades_unleashed:line-57,Upgrades Unleashed,1c69a41e-122a-42c1-98d4-56035d68cfc8,c095881f202523775d2366b9282522f6d1b9f1742712a1f8b7eca87f46b891dc,REVIEWED_CONFIRMED,"[""cap.aura"",""cap.combat_damage_trigger"",""cap.return_to_hand_on_death""]"
upgrades_unleashed:line-58,Upgrades Unleashed,bec04768-c573-4886-9ca1-2511abc05a14,488161d3faeda4716d4ffafadd4148c437dcabd935f8c6a3d448a4e504ccc195,REVIEWED_CORRECTED,"[""cap.aura"",""cap.draw"",""cap.target"",""cap.trigger"",""cap.counters"",""cap.equipment"",""cap.mode_choice"",""cap.token_creation"",""cap.end_step_trigger"",""cap.token_or_counters"",""cap.mass_token_creation""]"
upgrades_unleashed:line-59,Upgrades Unleashed,006f4a62-8590-4ca0-9f51-3aea26cd1a54,78a3f2003e057d1b2912888f82d3b4a890dd1a2a0c5dd8e3cfba355a8c95d73b,REVIEWED_CONFIRMED,"[""cap.aura"",""cap.modified"",""cap.death_trigger"",""cap.scaled_token_creation""]"
upgrades_unleashed:line-60,Upgrades Unleashed,a972630e-651e-439d-9412-5be50da9b934,b1234a083bfd153f3107153f1b487df8045a351cfa07c197e0d689b655c355e6,REVIEWED_CORRECTED,"[""cap.target"",""cap.counters"",""cap.equipment""]"
upgrades_unleashed:line-61,Upgrades Unleashed,4234f07e-583f-40db-8b47-7e16c7316e19,0d5a4c8945e6fe5db65c1b06cc6c4239abfe4dd42168dbe9b389e25b3a08d44c,REVIEWED_CORRECTED,"[""cap.aura"",""cap.delayed_trigger"",""cap.scaled_token_creation"",""cap.grant_activated_ability""]"
upgrades_unleashed:line-62,Upgrades Unleashed,564b1253-2e1f-46c5-b5ae-3932127ca614,9f7e17ec64010cceb82ccf0dc69f6add73ded71da489a901b101721ee58bc862,REVIEWED_CONFIRMED,"[""cap.aura"",""cap.destroy"",""cap.upkeep_trigger"",""cap.library_traversal"",""cap.attach_to_new_object""]"
upgrades_unleashed:line-63,Upgrades Unleashed,44661108-d72f-4d02-9303-7e4b0ecf7e9c,d4177024ab5a90f21d2fbd8736cc31e432b41ab821e77ae50d414022990fe8ed,REVIEWED_CONFIRMED,"[""cap.aura"",""cap.untap_lands"",""cap.attack_trigger"",""cap.totem_armor_replacement""]"
upgrades_unleashed:line-64,Upgrades Unleashed,5fff2bf4-9e26-4815-9bf6-672ed7e55b96,63abf7f43e488ed3d7a14bf4bfd1533bbafc6682a136ce192321958e75035d69,REVIEWED_CONFIRMED,"[""cap.aura"",""cap.attack_counter"",""cap.search_library"",""cap.sacrifice_threshold""]"
upgrades_unleashed:line-65,Upgrades Unleashed,70ed2052-f03c-461d-b32a-8835c97c559f,33f69326136f70991bd8a1a6b4999ff73e1215074cce71f072724963adffbd0d,REVIEWED_CORRECTED,"[""cap.aura"",""cap.draw"",""cap.damage"",""cap.destroy"",""cap.trigger"",""cap.replacement_effect""]"
upgrades_unleashed:line-66,Upgrades Unleashed,acfa77fd-3610-4f12-9c3c-bd860ce91700,b5f27b4d08d380652aa67d62b134fbaa259e582bc4df21f21075a844acc9bba6,REVIEWED_CONFIRMED,"[""cap.riot_choice"",""cap.counter_or_haste"",""cap.static_uncounterable""]"
upgrades_unleashed:line-67,Upgrades Unleashed,dfac0258-e148-4d7d-8ded-fc2466d9caa6,464c72b058936b88d4cd2cf406a6814bac8096f2ec6099f749f018c3cc41ad15,REVIEWED_CORRECTED,"[""cap.mana_ability"",""cap.mana_production""]"
upgrades_unleashed:line-68,Upgrades Unleashed,0895c9b7-ae7d-4bb3-af17-3b75deb50a25,feeadba75b0cae107bc0fcde9bb70aa3beb14b669a7d2db7da8a769bb0df9364,REVIEWED_CORRECTED,"[""cap.mana_ability"",""cap.mana_production""]"
upgrades_unleashed:line-69,Upgrades Unleashed,27b047e3-0d41-45e2-98e9-9391d7923a1e,86d0530f8dcff74596a40e9bce7cab12452176c5cd638e18ee5641b66727321e,REVIEWED_CORRECTED,"[""cap.mana_ability"",""cap.mana_production""]"
upgrades_unleashed:line-70,Upgrades Unleashed,00de57d2-7cb6-4337-9bc6-f6711e4dfabf,c04c5b20e0712e17f37469cd31a45304f833cba392c45d228ec594b124a83e6c,REVIEWED_CORRECTED,"[""cap.reveal"",""cap.mana_ability"",""cap.mana_production""]"
upgrades_unleashed:line-71,Upgrades Unleashed,657243dd-e479-4f4b-99d2-09b55d833a35,bd67b28f704b94a9d5a3b49ac2034fb0183bd3e7202ddba83af4894bda7a219b,REVIEWED_CORRECTED,"[""cap.trigger"",""cap.mana_ability"",""cap.mana_production""]"
upgrades_unleashed:line-72,Upgrades Unleashed,23bbd091-f6ff-4514-97aa-42c08164b4eb,40e917b337a6871ede15877c55c57bd78a03a726d46ee9b3d608b4570f60ee3b,REVIEWED_CORRECTED,"[""cap.mana_ability"",""cap.mana_production""]"
upgrades_unleashed:line-73,Upgrades Unleashed,aa6723a2-75da-49f5-a1ba-cbfa82c55301,6dd34e3963c0d8c154cee5f844efd55724d0c4b64225d4338059ef04feaac1a6,REVIEWED_CORRECTED,"[""cap.counters"",""cap.mana_ability"",""cap.mana_production""]"
upgrades_unleashed:line-74,Upgrades Unleashed,e88027a6-24cc-4a8b-86db-734f26149ea8,dccfd663cceab7ab0e6bf3f5f40514e823b30767a19bd6df392eedf51c93cb6a,REVIEWED_CORRECTED,"[""cap.counters"",""cap.mana_ability"",""cap.mana_production""]"
upgrades_unleashed:line-75,Upgrades Unleashed,8d38194e-b607-4ff4-9c19-0e8636d463bf,852db6431de6a47f2deb477c19ff1de430a58e6d2d33ffd87e3029e33af0047e,REVIEWED_CORRECTED,"[""cap.trigger"",""cap.counters"",""cap.mana_ability"",""cap.attack_trigger"",""cap.mana_production""]"
upgrades_unleashed:line-76,Upgrades Unleashed,3baa8e38-ef93-435d-b63e-f781d5bfcc68,5b46d67c5262a5461f5ab6963beb16a337815953645fda0a26008f2c9b65855d,REVIEWED_CORRECTED,"[""cap.scry"",""cap.trigger"",""cap.bottom_order"",""cap.mana_ability"",""cap.mana_production""]"
upgrades_unleashed:line-77,Upgrades Unleashed,a3fb7228-e76b-4e96-a40e-20b5fed75685,84e5b3e549d2917ee493637b65fdcdbbe2464d1213b15b9f1946ac4313d5c0c6,REVIEWED_CONFIRMED,"[""cap.land_zone"",""cap.mana_source"",""cap.ordered_library_card""]"
upgrades_unleashed:line-78,Upgrades Unleashed,b34bb2dc-c1af-4d77-b0b3-a0fb342a5fc6,606c8a0bc12c616ed104857e3d3fd304ae6f797e6f5d12eb79f724c46dca5f15,REVIEWED_CONFIRMED,"[""cap.land_zone"",""cap.mana_source"",""cap.ordered_library_card""]"
